id,web_name,team,element_type,now_cost,selected_by_percent,total_points,id_team,name,short_name,element,recent_form_points
1,Raya,1,1,59,32.3,53,1,Arsenal,ARS,1.0,3.8
2,Arrizabalaga,1,1,42,0.4,0,1,Arsenal,ARS,2.0,0.0
3,Hein,1,1,40,0.3,0,1,Arsenal,ARS,3.0,0.0
4,Setford,1,1,40,0.2,0,1,Arsenal,ARS,4.0,0.0
5,Gabriel,1,2,65,29.3,81,1,Arsenal,ARS,5.0,6.8
6,Saliba,1,2,60,12.6,39,1,Arsenal,ARS,6.0,2.8
7,Calafiori,1,2,58,14.8,61,1,Arsenal,ARS,7.0,3.8
8,J.Timber,1,2,63,29.6,67,1,Arsenal,ARS,8.0,3.8
9,Kiwior,1,2,54,0.1,0,1,Arsenal,ARS,9.0,0.0
10,Lewis-Skelly,1,2,51,1.6,6,1,Arsenal,ARS,10.0,0.4
11,White,1,2,53,0.4,6,1,Arsenal,ARS,11.0,0.0
13,Clarke,1,2,38,0.5,0,1,Arsenal,ARS,13.0,0.0
14,Kacurri,1,2,39,0.1,0,1,Arsenal,ARS,14.0,0.0
15,Nichols,1,2,39,0.2,0,1,Arsenal,ARS,15.0,0.0
16,Saka,1,3,101,18.0,45,1,Arsenal,ARS,16.0,5.0
17,Ødegaard,1,3,78,1.3,13,1,Arsenal,ARS,17.0,0.0
18,Madueke,1,3,68,0.6,10,1,Arsenal,ARS,18.0,0.0
19,Martinelli,1,3,68,0.8,16,1,Arsenal,ARS,19.0,0.4
20,Trossard,1,3,69,0.9,40,1,Arsenal,ARS,20.0,5.6
21,Rice,1,3,69,21.9,65,1,Arsenal,ARS,21.0,5.0
22,Merino,1,3,59,1.0,23,1,Arsenal,ARS,22.0,1.6
23,Fábio Vieira,1,3,54,0.0,0,1,Arsenal,ARS,23.0,0.0
24,Nørgaard,1,3,52,0.1,2,1,Arsenal,ARS,24.0,0.4
25,Nwaneri,1,3,51,0.1,7,1,Arsenal,ARS,25.0,0.2
26,Zubimendi,1,3,54,2.9,48,1,Arsenal,ARS,26.0,3.2
28,Kabia,1,3,45,0.1,0,1,Arsenal,ARS,28.0,0.0
29,Sambi,1,3,45,0.1,0,1,Arsenal,ARS,29.0,0.0
30,Havertz,1,4,73,0.3,1,1,Arsenal,ARS,30.0,0.0
31,G.Jesus,1,4,64,0.0,0,1,Arsenal,ARS,31.0,0.0
266,Eze,1,3,76,13.1,41,1,Arsenal,ARS,266.0,3.8
662,Mosquera,1,2,54,0.2,14,1,Arsenal,ARS,662.0,0.4
666,Gyökeres,1,4,88,11.9,37,1,Arsenal,ARS,666.0,2.2
700,Dowman,1,3,43,0.4,5,1,Arsenal,ARS,700.0,0.0
711,Harriman-Annous,1,3,45,0.0,0,1,Arsenal,ARS,711.0,0.0
725,Hincapie,1,2,54,0.1,2,1,Arsenal,ARS,725.0,0.4
32,Martinez,2,1,50,2.9,40,2,Aston Villa,AVL,32.0,5.0
33,M.Bizot,2,1,43,0.5,7,2,Aston Villa,AVL,33.0,0.0
34,Gauci,2,1,40,0.1,0,2,Aston Villa,AVL,34.0,0.0
35,Marschall,2,1,40,0.0,0,2,Aston Villa,AVL,35.0,0.0
36,Cash,2,2,46,5.7,52,2,Aston Villa,AVL,36.0,4.6
37,Digne,2,2,45,2.0,42,2,Aston Villa,AVL,37.0,4.2
38,Konsa,2,2,44,7.9,33,2,Aston Villa,AVL,38.0,3.4
39,Maatsen,2,2,42,0.4,6,2,Aston Villa,AVL,39.0,0.6
40,Mings,2,2,44,0.7,24,2,Aston Villa,AVL,40.0,0.2
41,Pau,2,2,43,0.4,25,2,Aston Villa,AVL,41.0,3.4
42,A.García,2,2,39,0.2,0,2,Aston Villa,AVL,42.0,0.0
43,Alex Moreno,2,2,40,2.2,0,2,Aston Villa,AVL,43.0,0.0
44,Bogarde,2,2,40,0.6,16,2,Aston Villa,AVL,44.0,0.2
45,Sousa,2,2,39,0.3,0,2,Aston Villa,AVL,45.0,0.0
46,Yasin,2,2,40,0.1,0,2,Aston Villa,AVL,46.0,0.0
47,Rogers,2,3,68,5.3,35,2,Aston Villa,AVL,,
48,Tielemans,2,3,59,0.6,12,2,Aston Villa,AVL,,
49,Bailey,2,3,55,0.1,0,2,Aston Villa,AVL,,
50,Buendía,2,3,53,0.7,39,2,Aston Villa,AVL,,
51,Iling Jr,2,3,55,0.0,0,2,Aston Villa,AVL,,
53,Malen,2,3,51,0.7,32,2,Aston Villa,AVL,,
54,McGinn,2,3,54,0.6,30,2,Aston Villa,AVL,,
55,Barkley,2,3,48,0.1,10,2,Aston Villa,AVL,,
56,Barrenechea,2,3,50,0.0,0,2,Aston Villa,AVL,,
57,Dobbin,2,3,50,0.0,0,2,Aston Villa,AVL,,
58,Kamara,2,3,49,0.2,23,2,Aston Villa,AVL,,
59,Onana,2,3,48,0.7,24,2,Aston Villa,AVL,,
60,Broggio,2,3,45,0.3,0,2,Aston Villa,AVL,,
61,Dendoncker,2,3,45,0.1,0,2,Aston Villa,AVL,,
62,Jimoh-Aloba,2,3,45,0.1,0,2,Aston Villa,AVL,,
63,Young,2,3,44,0.6,0,2,Aston Villa,AVL,,
64,Watkins,2,4,85,6.5,27,2,Aston Villa,AVL,,
65,Redmond,2,4,45,0.3,0,2,Aston Villa,AVL,,
389,Elliott,2,3,54,0.2,4,2,Aston Villa,AVL,,
456,Sancho,2,3,58,0.2,4,2,Aston Villa,AVL,,
677,Guessand,2,3,62,0.0,14,2,Aston Villa,AVL,,
688,Wright,2,1,40,0.5,0,2,Aston Villa,AVL,,
701,Rowe,2,2,40,0.1,0,2,Aston Villa,AVL,,
702,Burrowes,2,3,44,0.1,1,2,Aston Villa,AVL,,
703,Proctor,2,1,40,0.2,0,2,Aston Villa,AVL,,
710,Patterson,2,2,39,0.3,0,2,Aston Villa,AVL,,
719,Lindelöf,2,2,45,0.0,3,2,Aston Villa,AVL,,
183,Weiss,3,1,43,0.1,0,3,Burnley,BUR,,
184,Green,3,1,40,0.2,0,3,Burnley,BUR,,
185,Hladký,3,1,40,0.2,0,3,Burnley,BUR,,
186,Roberts,3,2,44,0.0,0,3,Burnley,BUR,,
187,Walker,3,2,44,1.5,29,3,Burnley,BUR,,
188,Delcroix,3,2,39,0.2,0,3,Burnley,BUR,,
189,Dodgson,3,2,40,0.0,0,3,Burnley,BUR,,
190,Ekdal,3,2,40,1.0,20,3,Burnley,BUR,,
191,Estève,3,2,39,11.7,31,3,Burnley,BUR,,
192,Hartman,3,2,40,1.0,37,3,Burnley,BUR,,
193,Humphreys,3,2,40,0.1,0,3,Burnley,BUR,,
194,Jordan,3,2,40,0.1,0,3,Burnley,BUR,,
195,Lucas Pires,3,2,39,0.2,1,3,Burnley,BUR,,
196,Sambo,3,2,40,0.0,0,3,Burnley,BUR,,
197,Sonne,3,2,39,0.1,3,3,Burnley,BUR,,
198,Tuanzebe,3,2,39,1.8,17,3,Burnley,BUR,,
199,Worrall,3,2,39,0.2,4,3,Burnley,BUR,,
200,Anthony,3,3,56,4.9,51,3,Burnley,BUR,,
201,Benson,3,3,54,0.0,0,3,Burnley,BUR,,
202,Bruun Larsen,3,3,53,0.0,17,3,Burnley,BUR,,
203,Boateng,3,3,48,0.0,0,3,Burnley,BUR,,
204,Churlinov,3,3,49,0.0,0,3,Burnley,BUR,,
205,Cullen,3,3,50,2.5,55,3,Burnley,BUR,,
206,Edwards,3,3,47,0.1,3,3,Burnley,BUR,,
207,Hannibal,3,3,48,0.1,21,3,Burnley,BUR,,
208,Koleosho,3,3,50,0.0,0,3,Burnley,BUR,,
209,Laurent,3,3,49,0.0,16,3,Burnley,BUR,,
210,Tchaouna,3,3,49,0.0,24,3,Burnley,BUR,,
211,A.Ramsey,3,3,44,2.0,0,3,Burnley,BUR,,
212,Adewumi,3,3,45,0.0,0,3,Burnley,BUR,,
213,Banel,3,3,45,0.0,0,3,Burnley,BUR,,
214,Trésor,3,3,44,0.1,0,3,Burnley,BUR,,
215,Flemming,3,4,53,0.4,27,3,Burnley,BUR,,
216,Amdouni,3,4,48,0.0,0,3,Burnley,BUR,,
217,Foster,3,4,50,1.5,29,3,Burnley,BUR,,
218,Barnes,3,4,43,1.3,1,3,Burnley,BUR,,
219,Obafemi,3,4,44,0.1,0,3,Burnley,BUR,,
470,Dúbravka,3,1,40,34.2,37,3,Burnley,BUR,,
676,Ugochukwu,3,3,50,0.1,34,3,Burnley,BUR,,
680,Broja,3,4,52,0.1,6,3,Burnley,BUR,,
722,Florentino,3,3,50,0.1,30,3,Burnley,BUR,,
66,Neto,4,1,45,0.1,0,4,Bournemouth,BOU,,
67,Petrović,4,1,45,5.9,41,4,Bournemouth,BOU,,
68,Dennis,4,1,40,1.0,0,4,Bournemouth,BOU,,
69,McKenna,4,1,40,0.2,0,4,Bournemouth,BOU,,
70,Paulsen,4,1,40,0.1,0,4,Bournemouth,BOU,,
71,Zabarnyi,4,2,50,0.0,0,4,Bournemouth,BOU,,
72,Senesi,4,2,50,26.9,61,4,Bournemouth,BOU,,
73,Smith,4,2,44,0.2,10,4,Bournemouth,BOU,,
74,Truffert,4,2,45,2.5,45,4,Bournemouth,BOU,,
75,Akinmboni,4,2,39,0.2,0,4,Bournemouth,BOU,,
76,Bevan,4,2,39,0.2,0,4,Bournemouth,BOU,,
77,Hill,4,2,40,0.8,17,4,Bournemouth,BOU,,
78,J.Araujo,4,2,39,0.7,0,4,Bournemouth,BOU,,
79,Mepham,4,2,40,0.1,0,4,Bournemouth,BOU,,
80,Soler,4,2,40,0.2,1,4,Bournemouth,BOU,,
81,Kluivert,4,3,70,0.9,18,4,Bournemouth,BOU,,
82,Semenyo,4,3,80,59.1,75,4,Bournemouth,BOU,,
84,Tavernier,4,3,55,2.0,54,4,Bournemouth,BOU,,
85,Adams,4,3,50,0.5,39,4,Bournemouth,BOU,,
86,Brooks,4,3,50,0.2,22,4,Bournemouth,BOU,,
87,Christie,4,3,50,0.1,17,4,Bournemouth,BOU,,
88,Cook,4,3,49,0.0,9,4,Bournemouth,BOU,,
89,Philip,4,3,49,0.0,0,4,Bournemouth,BOU,,
90,Scott,4,3,50,0.3,37,4,Bournemouth,BOU,,
91,Sinisterra,4,3,50,0.0,0,4,Bournemouth,BOU,,
92,Faivre,4,3,45,0.1,0,4,Bournemouth,BOU,,
93,H.Traorè,4,3,45,0.4,4,4,Bournemouth,BOU,,
94,Sadi,4,3,45,0.0,0,4,Bournemouth,BOU,,
95,Silcott-Duberry,4,3,44,0.1,0,4,Bournemouth,BOU,,
96,Winterburn,4,3,45,0.0,1,4,Bournemouth,BOU,,
97,Evanilson,4,4,70,1.4,30,4,Bournemouth,BOU,,
98,Enes Ünal,4,4,54,0.0,7,4,Bournemouth,BOU,,
99,Adu-Adjei,4,4,44,0.2,0,4,Bournemouth,BOU,,
100,Kroupi.Jr,4,4,46,4.8,32,4,Bournemouth,BOU,,
391,Gannon-Doak,4,3,49,0.0,7,4,Bournemouth,BOU,,
685,Diakité,4,2,45,0.4,30,4,Bournemouth,BOU,,
687,Rees-Dottin,4,3,44,0.1,0,4,Bournemouth,BOU,,
697,Adli,4,3,54,0.0,9,4,Bournemouth,BOU,,
713,A.Jimenez,4,2,45,0.0,9,4,Bournemouth,BOU,,
721,Milosavljević,4,2,45,0.0,13,4,Bournemouth,BOU,,
27,Nelson,5,3,48,0.1,2,5,Brentford,BRE,,
83,O.Dango,5,3,60,0.7,44,5,Brentford,BRE,,
101,Kelleher,5,1,45,7.7,34,5,Brentford,BRE,,
102,Balcombe,5,1,40,0.3,0,5,Brentford,BRE,,
103,Cox,5,1,40,0.1,0,5,Brentford,BRE,,
104,Eyestone,5,1,39,0.1,0,5,Brentford,BRE,,
105,Valdimarsson,5,1,39,0.7,0,5,Brentford,BRE,,
106,Collins,5,2,49,1.1,33,5,Brentford,BRE,,
107,Lewis-Potter,5,2,49,0.3,21,5,Brentford,BRE,,
108,Ajer,5,2,44,0.2,21,5,Brentford,BRE,,
109,Henry,5,2,43,0.1,6,5,Brentford,BRE,,
110,Kayode,5,2,45,0.5,35,5,Brentford,BRE,,
111,Pinnock,5,2,43,0.1,0,5,Brentford,BRE,,
112,Roerslev,5,2,45,0.0,0,5,Brentford,BRE,,
113,Van den Berg,5,2,45,0.6,37,5,Brentford,BRE,,
114,Arthur,5,2,39,0.2,0,5,Brentford,BRE,,
115,Fredrick,5,2,40,0.1,0,5,Brentford,BRE,,
116,Hickey,5,2,40,0.3,9,5,Brentford,BRE,,
117,Ji-soo,5,2,39,0.1,0,5,Brentford,BRE,,
118,Meghoma,5,2,40,0.0,0,5,Brentford,BRE,,
120,Schade,5,3,70,1.0,42,5,Brentford,BRE,,
121,Damsgaard,5,3,58,0.6,35,5,Brentford,BRE,,
122,Milambo,5,3,52,0.0,1,5,Brentford,BRE,,
123,Carvalho,5,3,48,0.2,13,5,Brentford,BRE,,
124,Henderson,5,3,50,0.4,31,5,Brentford,BRE,,
125,Janelt,5,3,49,0.0,10,5,Brentford,BRE,,
126,Jensen,5,3,49,0.1,22,5,Brentford,BRE,,
127,Nunes,5,3,49,0.0,0,5,Brentford,BRE,,
128,Onyeka,5,3,49,0.1,12,5,Brentford,BRE,,
129,Yarmoliuk,5,3,50,0.1,35,5,Brentford,BRE,,
130,Donovan,5,3,45,0.1,0,5,Brentford,BRE,,
131,Konak,5,3,44,0.2,0,5,Brentford,BRE,,
132,Maghoma,5,3,45,0.0,0,5,Brentford,BRE,,
133,Peart-Harris,5,3,44,0.0,0,5,Brentford,BRE,,
134,Trevitt,5,3,45,0.0,0,5,Brentford,BRE,,
136,Thiago,5,4,64,14.4,64,5,Brentford,BRE,,
137,Morgan,5,4,44,0.4,0,5,Brentford,BRE,,
748,Dasilva,5,3,50,0.0,0,5,Brentford,BRE,,
138,Steele,6,1,43,0.3,0,6,Brighton,BHA,,
139,Verbruggen,6,1,44,4.0,33,6,Brighton,BHA,,
140,McGill,6,1,40,0.3,0,6,Brighton,BHA,,
141,Rushworth,6,1,40,0.0,0,6,Brighton,BHA,,
142,Scherpen,6,1,40,0.0,0,6,Brighton,BHA,,
143,Boscagli,6,2,43,0.1,0,6,Brighton,BHA,,
144,Coppola,6,2,43,0.1,3,6,Brighton,BHA,,
145,De Cuyper,6,2,43,1.8,17,6,Brighton,BHA,,
146,Dunk,6,2,45,1.2,30,6,Brighton,BHA,,
147,Estupiñan,6,2,45,0.0,0,6,Brighton,BHA,,
148,F.Kadıoğlu,6,2,44,0.2,24,6,Brighton,BHA,,
150,Lamptey,6,2,44,0.1,0,6,Brighton,BHA,,
151,Van Hecke,6,2,44,1.5,42,6,Brighton,BHA,,
152,Veltman,6,2,43,0.1,8,6,Brighton,BHA,,
153,Webster,6,2,44,0.0,0,6,Brighton,BHA,,
154,Cashin,6,2,40,0.0,0,6,Brighton,BHA,,
155,Slater,6,2,40,0.1,0,6,Brighton,BHA,,
156,Tasker,6,2,39,0.1,0,6,Brighton,BHA,,
157,Mitoma,6,3,61,1.9,20,6,Brighton,BHA,,
158,Georginio,6,3,57,0.4,32,6,Brighton,BHA,,
159,March,6,3,58,0.0,0,6,Brighton,BHA,,
160,Minteh,6,3,61,5.7,61,6,Brighton,BHA,,
161,Enciso,6,3,54,0.0,0,6,Brighton,BHA,,
162,Gruda,6,3,54,0.0,19,6,Brighton,BHA,,
163,Hinshelwood,6,3,51,0.0,11,6,Brighton,BHA,,
164,O'Riley,6,3,55,0.4,12,6,Brighton,BHA,,
165,Sima,6,3,54,0.0,0,6,Brighton,BHA,,
166,Ayari,6,3,49,0.3,33,6,Brighton,BHA,,
167,Baleba,6,3,47,2.0,17,6,Brighton,BHA,,
169,Gomez,6,3,49,0.3,29,6,Brighton,BHA,,
170,Milner,6,3,49,0.1,15,6,Brighton,BHA,,
171,Sarmiento,6,3,49,0.0,0,6,Brighton,BHA,,
172,Watson,6,3,49,0.0,2,6,Brighton,BHA,,
173,Wieffer,6,3,49,0.4,40,6,Brighton,BHA,,
174,Yalcouye,6,3,50,0.0,0,6,Brighton,BHA,,
175,Knight,6,3,45,0.1,1,6,Brighton,BHA,,
176,Mazilu,6,3,45,0.0,0,6,Brighton,BHA,,
177,Moran,6,3,45,0.0,0,6,Brighton,BHA,,
178,Welbeck,6,4,65,9.7,53,6,Brighton,BHA,,
179,Ferguson,6,4,55,0.0,0,6,Brighton,BHA,,
180,Tzimas,6,4,53,0.1,10,6,Brighton,BHA,,
181,Kostoulas,6,4,48,0.3,8,6,Brighton,BHA,,
744,Oriola,6,3,45,0.0,1,6,Brighton,BHA,,
168,Buonanotte,7,3,47,0.1,1,7,Chelsea,CHE,,
220,Sánchez,7,1,48,13.7,43,7,Chelsea,CHE,,
221,Jörgensen,7,1,43,0.2,1,7,Chelsea,CHE,,
222,Penders,7,1,40,0.0,0,7,Chelsea,CHE,,
223,Slonina,7,1,39,0.1,0,7,Chelsea,CHE,,
224,Cucurella,7,2,61,22.9,55,7,Chelsea,CHE,,
225,James,7,2,56,8.5,47,7,Chelsea,CHE,,
226,Chalobah,7,2,51,8.6,61,7,Chelsea,CHE,,
227,Colwill,7,2,48,0.1,0,7,Chelsea,CHE,,
228,Gusto,7,2,49,1.6,40,7,Chelsea,CHE,,
229,B.Badiashile,7,2,44,0.0,0,7,Chelsea,CHE,,
230,Fofana,7,2,44,0.2,15,7,Chelsea,CHE,,
231,M.Sarr,7,2,45,0.0,0,7,Chelsea,CHE,,
232,Tosin,7,2,42,0.4,24,7,Chelsea,CHE,,
233,Acheampong,7,2,39,2.0,27,7,Chelsea,CHE,,
234,Anselmino,7,2,40,0.1,0,7,Chelsea,CHE,,
235,Palmer,7,3,103,8.8,11,7,Chelsea,CHE,,
236,Neto,7,3,71,6.5,60,7,Chelsea,CHE,,
237,Enzo,7,3,67,13.5,59,7,Chelsea,CHE,,
238,Estêvão,7,3,65,2.7,29,7,Chelsea,CHE,,
239,Gittens,7,3,61,0.1,15,7,Chelsea,CHE,,
240,Nkunku,7,3,59,0.1,0,7,Chelsea,CHE,,
241,Caicedo,7,3,61,23.8,60,7,Chelsea,CHE,,
243,George,7,3,49,0.1,4,7,Chelsea,CHE,,
244,Lavia,7,3,49,0.0,4,7,Chelsea,CHE,,
245,Mudryk,7,3,49,0.0,0,7,Chelsea,CHE,,
246,Andrey Santos,7,3,45,0.3,12,7,Chelsea,CHE,,
247,D.Essugo,7,3,43,0.1,0,7,Chelsea,CHE,,
248,Paez,7,3,45,0.0,0,7,Chelsea,CHE,,
249,João Pedro,7,4,75,48.2,60,7,Chelsea,CHE,,
250,Delap,7,4,62,1.0,8,7,Chelsea,CHE,,
251,N.Jackson,7,4,65,0.1,0,7,Chelsea,CHE,,
252,Marc Guiu,7,4,42,6.9,11,7,Chelsea,CHE,,
453,Garnacho,7,3,64,1.2,24,7,Chelsea,CHE,,
672,Hato,7,2,47,0.2,3,7,Chelsea,CHE,,
743,Emenalo,7,3,45,0.0,0,7,Chelsea,CHE,,
253,Henderson,8,1,50,8.0,51,8,Crystal Palace,CRY,,
254,Benitez,8,1,40,0.3,0,8,Crystal Palace,CRY,,
255,Matthews,8,1,39,0.1,0,8,Crystal Palace,CRY,,
256,Muñoz,8,2,58,18.7,74,8,Crystal Palace,CRY,,
257,Lacroix,8,2,50,4.3,67,8,Crystal Palace,CRY,,
258,Mitchell,8,2,50,2.6,61,8,Crystal Palace,CRY,,
259,Sosa,8,2,48,0.1,1,8,Crystal Palace,CRY,,
260,Guéhi,8,2,51,34.8,69,8,Crystal Palace,CRY,,
261,Richards,8,2,46,3.9,58,8,Crystal Palace,CRY,,
262,Chadi Riad,8,2,40,0.0,0,8,Crystal Palace,CRY,,
263,Clyne,8,2,38,0.4,1,8,Crystal Palace,CRY,,
264,Holding,8,2,40,0.0,0,8,Crystal Palace,CRY,,
265,Kporha,8,2,40,0.0,0,8,Crystal Palace,CRY,,
267,Sarr,8,3,67,13.8,49,8,Crystal Palace,CRY,,
268,Doucouré,8,3,49,0.0,0,8,Crystal Palace,CRY,,
269,Esse,8,3,47,0.1,1,8,Crystal Palace,CRY,,
270,Hughes,8,3,48,0.1,15,8,Crystal Palace,CRY,,
271,Kamada,8,3,50,0.2,35,8,Crystal Palace,CRY,,
272,Lerma,8,3,49,0.1,22,8,Crystal Palace,CRY,,
273,Wharton,8,3,50,0.4,32,8,Crystal Palace,CRY,,
274,Agbinone,8,3,44,0.0,0,8,Crystal Palace,CRY,,
275,Ahamada,8,3,44,0.0,0,8,Crystal Palace,CRY,,
276,Devenny,8,3,43,1.2,10,8,Crystal Palace,CRY,,
277,Ebiowei,8,3,45,0.0,0,8,Crystal Palace,CRY,,
278,J.Rak-Sakyi,8,3,44,0.0,0,8,Crystal Palace,CRY,,
279,M.França,8,3,45,0.0,0,8,Crystal Palace,CRY,,
280,Ozoh,8,3,45,0.0,0,8,Crystal Palace,CRY,,
281,Rodney,8,3,45,0.0,0,8,Crystal Palace,CRY,,
282,Umeh,8,3,45,0.0,0,8,Crystal Palace,CRY,,
283,Mateta,8,4,81,30.7,51,8,Crystal Palace,CRY,,
284,Nketiah,8,4,54,0.3,9,8,Crystal Palace,CRY,,
285,Édouard,8,4,50,0.2,1,8,Crystal Palace,CRY,,
286,Marsh,8,4,45,0.3,0,8,Crystal Palace,CRY,,
690,Cardines,8,3,44,0.4,0,8,Crystal Palace,CRY,,
712,Yeremy,8,3,58,0.2,23,8,Crystal Palace,CRY,,
723,Canvot,8,2,45,0.0,12,8,Crystal Palace,CRY,,
732,Uche,8,4,55,0.0,3,8,Crystal Palace,CRY,,
242,Dewsbury-Hall,9,3,49,2.8,35,9,Everton,EVE,,
287,Pickford,9,1,55,9.4,42,9,Everton,EVE,,
288,Travers,9,1,44,0.1,0,9,Everton,EVE,,
289,Tyrer,9,1,39,0.1,0,9,Everton,EVE,,
290,Branthwaite,9,2,53,0.2,0,9,Everton,EVE,,
291,Tarkowski,9,2,54,5.7,43,9,Everton,EVE,,
292,Mykolenko,9,2,49,0.4,17,9,Everton,EVE,,
293,O'Brien,9,2,49,0.4,28,9,Everton,EVE,,
294,Coleman,9,2,43,0.1,2,9,Everton,EVE,,
295,Keane,9,2,45,1.4,56,9,Everton,EVE,,
296,Patterson,9,2,44,0.0,0,9,Everton,EVE,,
297,Dixon,9,2,39,0.2,0,9,Everton,EVE,,
298,Welch,9,2,39,0.1,0,9,Everton,EVE,,
299,Ndiaye,9,3,66,11.7,55,9,Everton,EVE,,
300,McNeil,9,3,55,0.1,3,9,Everton,EVE,,
301,Alcaraz,9,3,52,0.1,8,9,Everton,EVE,,
302,Gana,9,3,54,0.1,42,9,Everton,EVE,,
303,Garner,9,3,50,0.8,42,9,Everton,EVE,,
304,Iroegbunam,9,3,49,0.0,18,9,Everton,EVE,,
305,Armstrong,9,3,45,0.1,1,9,Everton,EVE,,
306,Bates,9,3,44,0.1,0,9,Everton,EVE,,
307,Ebere,9,3,44,0.0,0,9,Everton,EVE,,
308,Heath,9,3,45,0.0,0,9,Everton,EVE,,
309,Metcalfe,9,3,45,0.0,0,9,Everton,EVE,,
310,Barry,9,4,57,0.3,12,9,Everton,EVE,,
311,Beto,9,4,51,3.0,21,9,Everton,EVE,,
312,Y.Chermiti,9,4,49,0.1,0,9,Everton,EVE,,
313,Sherif,9,4,44,0.1,0,9,Everton,EVE,,
419,Grealish,9,3,67,15.1,43,9,Everton,EVE,,
630,King,9,1,39,1.4,0,9,Everton,EVE,,
667,Aznou,9,2,43,0.1,0,9,Everton,EVE,,
704,Onyango,9,3,45,0.1,0,9,Everton,EVE,,
705,Campbell,9,2,39,0.2,0,9,Everton,EVE,,
707,Dibling,9,3,54,0.0,3,9,Everton,EVE,,
728,Röhl,9,3,50,0.0,4,9,Everton,EVE,,
314,Leno,10,1,50,1.5,39,10,Fulham,FUL,,
315,Benda,10,1,40,0.0,0,10,Fulham,FUL,,
316,Robinson,10,2,49,0.5,3,10,Fulham,FUL,,
317,Andersen,10,2,45,2.9,49,10,Fulham,FUL,,
318,Bassey,10,2,45,0.6,37,10,Fulham,FUL,,
319,Castagne,10,2,44,0.1,11,10,Fulham,FUL,,
320,Diop,10,2,44,0.1,4,10,Fulham,FUL,,
321,J.Cuenca,10,2,44,0.0,7,10,Fulham,FUL,,
322,Tete,10,2,45,0.2,32,10,Fulham,FUL,,
323,Amissah,10,2,39,0.1,0,10,Fulham,FUL,,
324,Iwobi,10,3,65,1.4,43,10,Fulham,FUL,,
325,Smith Rowe,10,3,56,0.4,17,10,Fulham,FUL,,
326,Adama,10,3,52,0.2,11,10,Fulham,FUL,,
327,Andreas,10,3,53,0.1,0,10,Fulham,FUL,,
328,Sessegnon,10,3,54,0.8,50,10,Fulham,FUL,,
329,Wilson,10,3,52,0.4,36,10,Fulham,FUL,,
330,Berge,10,3,49,0.1,30,10,Fulham,FUL,,
331,Cairney,10,3,49,0.0,8,10,Fulham,FUL,,
332,Lukić,10,3,50,0.1,27,10,Fulham,FUL,,
333,Godo,10,3,45,0.0,0,10,Fulham,FUL,,
334,Harris,10,3,45,0.0,0,10,Fulham,FUL,,
335,King,10,3,45,3.9,22,10,Fulham,FUL,,
336,Reed,10,3,43,0.3,1,10,Fulham,FUL,,
337,Raúl,10,4,62,0.9,31,10,Fulham,FUL,,
338,Muniz,10,4,54,0.9,17,10,Fulham,FUL,,
664,Lecomte,10,1,39,0.7,0,10,Fulham,FUL,,
727,Chukwueze,10,3,53,0.0,11,10,Fulham,FUL,,
731,Kevin,10,3,59,0.1,13,10,Fulham,FUL,,
737,Kusi-Asare,10,4,45,0.1,1,10,Fulham,FUL,,
339,Meslier,11,1,43,0.4,0,11,Leeds,LEE,,
340,Cairns,11,1,40,0.2,0,11,Leeds,LEE,,
341,Darlow,11,1,40,2.2,10,11,Leeds,LEE,,
342,Bogle,11,2,45,0.2,28,11,Leeds,LEE,,
343,Struijk,11,2,44,0.3,25,11,Leeds,LEE,,
344,Bijol,11,2,39,0.2,6,11,Leeds,LEE,,
345,Bornauw,11,2,39,0.1,0,11,Leeds,LEE,,
346,Byram,11,2,39,0.2,1,11,Leeds,LEE,,
347,Gudmundsson,11,2,40,4.4,27,11,Leeds,LEE,,
348,Rodon,11,2,41,6.4,46,11,Leeds,LEE,,
349,Schmidt,11,2,40,0.1,0,11,Leeds,LEE,,
350,Aaronson,11,3,54,0.2,41,11,Leeds,LEE,,
351,Gnonto,11,3,52,0.1,6,11,Leeds,LEE,,
352,Harrison,11,3,51,0.1,11,11,Leeds,LEE,,
353,James,11,3,53,0.1,11,11,Leeds,LEE,,
354,Ampadu,11,3,49,0.1,24,11,Leeds,LEE,,
355,Greenwood,11,3,49,0.0,0,11,Leeds,LEE,,
356,Gruev,11,3,48,0.0,7,11,Leeds,LEE,,
357,Ramazani,11,3,49,0.0,0,11,Leeds,LEE,,
358,Tanaka,11,3,48,0.1,13,11,Leeds,LEE,,
359,Crew,11,3,45,0.0,0,11,Leeds,LEE,,
360,Gelhardt,11,3,45,0.0,0,11,Leeds,LEE,,
361,Gyabi,11,3,45,0.0,0,11,Leeds,LEE,,
362,Piroe,11,4,50,0.4,6,11,Leeds,LEE,,
363,Bamford,11,4,49,0.4,0,11,Leeds,LEE,,
364,Mateo Joseph,11,4,50,0.0,0,11,Leeds,LEE,,
365,Nmecha,11,4,50,0.6,23,11,Leeds,LEE,,
493,Longstaff,11,3,49,1.0,38,11,Leeds,LEE,,
660,Stach,11,3,48,1.9,40,11,Leeds,LEE,,
665,Perri,11,1,45,0.2,17,11,Leeds,LEE,,
691,Calvert-Lewin,11,4,55,0.9,25,11,Leeds,LEE,,
698,Okafor,11,3,55,0.2,29,11,Leeds,LEE,,
706,Justin,11,2,39,0.2,4,11,Leeds,LEE,,
741,Gray,11,4,45,0.1,0,11,Leeds,LEE,,
366,A.Becker,12,1,54,5.5,22,12,Liverpool,LIV,,
367,Mamardashvili,12,1,43,1.1,19,12,Liverpool,LIV,,
368,Pécsi,12,1,39,0.4,0,12,Liverpool,LIV,,
369,Woodman,12,1,39,0.2,0,12,Liverpool,LIV,,
370,Frimpong,12,2,57,4.9,7,12,Liverpool,LIV,,
371,Kerkez,12,2,57,3.3,22,12,Liverpool,LIV,,
372,Robertson,12,2,58,1.0,12,12,Liverpool,LIV,,
373,Virgil,12,2,60,27.0,44,12,Liverpool,LIV,,
374,Konaté,12,2,54,3.1,39,12,Liverpool,LIV,,
375,Bradley,12,2,50,0.3,15,12,Liverpool,LIV,,
376,Gomez,12,2,49,0.1,4,12,Liverpool,LIV,,
377,Tsimikas,12,2,48,0.1,0,12,Liverpool,LIV,,
378,Nallo,12,2,38,0.4,0,12,Liverpool,LIV,,
379,R.Williams,12,2,38,0.3,0,12,Liverpool,LIV,,
380,Ramsay,12,2,38,0.3,0,12,Liverpool,LIV,,
381,M.Salah,12,3,142,23.5,56,12,Liverpool,LIV,,
382,Wirtz,12,3,80,6.8,19,12,Liverpool,LIV,,
383,Luis Díaz,12,3,80,0.0,0,12,Liverpool,LIV,,
384,Gakpo,12,3,75,13.5,48,12,Liverpool,LIV,,
385,Chiesa,12,3,64,0.3,20,12,Liverpool,LIV,,
386,Mac Allister,12,3,63,1.2,27,12,Liverpool,LIV,,
387,Szoboszlai,12,3,66,5.9,46,12,Liverpool,LIV,,
388,C.Jones,12,3,54,0.1,15,12,Liverpool,LIV,,
390,Gravenberch,12,3,56,5.2,53,12,Liverpool,LIV,,
392,Endo,12,3,49,0.1,6,12,Liverpool,LIV,,
393,Bajcetic,12,3,43,0.0,0,12,Liverpool,LIV,,
394,McConnell,12,3,44,0.0,0,12,Liverpool,LIV,,
395,Morton,12,3,45,0.0,0,12,Liverpool,LIV,,
396,Nyoni,12,3,43,0.5,0,12,Liverpool,LIV,,
397,Darwin,12,4,65,0.1,0,12,Liverpool,LIV,,
398,Danns,12,4,44,0.1,0,12,Liverpool,LIV,,
499,Isak,12,4,104,4.6,12,12,Liverpool,LIV,,
661,Ekitiké,12,4,86,15.5,40,12,Liverpool,LIV,,
686,Ngumoha,12,3,45,0.5,10,12,Liverpool,LIV,,
692,Leoni,12,2,49,0.0,0,12,Liverpool,LIV,,
746,Morrison,12,3,45,0.0,0,12,Liverpool,LIV,,
182,Trafford,13,1,46,1.1,11,13,Man City,MCI,,
399,Ederson M.,13,1,53,0.9,0,13,Man City,MCI,,
400,Ortega Moreno,13,1,48,0.2,0,13,Man City,MCI,,
401,Bettinelli,13,1,40,0.1,0,13,Man City,MCI,,
402,Aït-Nouri,13,2,57,4.6,11,13,Man City,MCI,,
403,Gvardiol,13,2,58,5.3,35,13,Man City,MCI,,
404,Akanji,13,2,54,0.3,0,13,Man City,MCI,,
405,Aké,13,2,53,0.6,10,13,Man City,MCI,,
406,Khusanov,13,2,54,0.3,11,13,Man City,MCI,,
407,Matheus N.,13,2,53,1.0,46,13,Man City,MCI,,
408,Rúben,13,2,55,4.6,52,13,Man City,MCI,,
409,Stones,13,2,54,0.7,11,13,Man City,MCI,,
410,Lewis,13,2,48,1.5,15,13,Man City,MCI,,
411,O’Reilly,13,2,50,3.8,52,13,Man City,MCI,,
412,Vitor Reis,13,2,50,0.0,0,13,Man City,MCI,,
413,Marmoush,13,3,83,2.6,13,13,Man City,MCI,,
414,Foden,13,3,80,4.6,33,13,Man City,MCI,,
415,Savinho,13,3,69,0.5,17,13,Man City,MCI,,
416,Bernardo,13,3,63,0.5,26,13,Man City,MCI,,
417,Cherki,13,3,64,3.3,27,13,Man City,MCI,,
418,Doku,13,3,65,7.5,46,13,Man City,MCI,,
420,Gündoğan,13,3,63,0.1,0,13,Man City,MCI,,
421,Rodrigo,13,3,63,0.4,12,13,Man City,MCI,,
422,Kovačić,13,3,59,0.0,1,13,Man City,MCI,,
423,N.Gonzalez,13,3,59,0.1,30,13,Man City,MCI,,
424,Bobb,13,3,53,0.3,18,13,Man City,MCI,,
425,Echeverri,13,3,54,0.0,0,13,Man City,MCI,,
427,Reijnders,13,3,54,17.6,35,13,Man City,MCI,,
428,Nypan,13,3,50,0.0,0,13,Man City,MCI,,
429,Phillips,13,3,48,0.1,0,13,Man City,MCI,,
430,Haaland,13,4,149,71.3,104,13,Man City,MCI,,
736,Donnarumma,13,1,57,10.4,32,13,Man City,MCI,,
739,Mukasa,13,3,45,0.0,0,13,Man City,MCI,,
740,Mfuni,13,2,40,0.0,0,13,Man City,MCI,,
742,McAidoo,13,3,45,0.0,0,13,Man City,MCI,,
119,Mbeumo,14,3,86,36.3,60,14,Man Utd,MUN,,
431,Bayindir,14,1,48,0.3,11,14,Man Utd,MUN,,
432,Onana,14,1,49,0.2,0,14,Man Utd,MUN,,
433,Harrison,14,1,40,0.0,0,14,Man Utd,MUN,,
434,Heaton,14,1,39,0.3,0,14,Man Utd,MUN,,
435,Mee,14,1,39,0.1,0,14,Man Utd,MUN,,
436,De Ligt,14,2,50,3.5,39,14,Man Utd,MUN,,
437,Martinez,14,2,48,0.1,0,14,Man Utd,MUN,,
438,Mazraoui,14,2,49,0.2,10,14,Man Utd,MUN,,
439,D.Leon,14,2,42,0.1,0,14,Man Utd,MUN,,
440,Dalot,14,2,44,1.0,22,14,Man Utd,MUN,,
441,Dorgu,14,2,42,2.8,16,14,Man Utd,MUN,,
442,Maguire,14,2,44,0.7,33,14,Man Utd,MUN,,
443,Shaw,14,2,45,0.5,28,14,Man Utd,MUN,,
444,Yoro,14,2,44,1.6,23,14,Man Utd,MUN,,
445,Amass,14,2,40,0.1,0,14,Man Utd,MUN,,
446,Fredricson,14,2,38,0.1,0,14,Man Utd,MUN,,
447,Heaven,14,2,38,1.3,4,14,Man Utd,MUN,,
448,Malacia,14,2,38,0.4,0,14,Man Utd,MUN,,
449,B.Fernandes,14,3,89,16.7,50,14,Man Utd,MUN,,
450,Cunha,14,3,79,4.7,26,14,Man Utd,MUN,,
451,Rashford,14,3,70,0.0,0,14,Man Utd,MUN,,
452,Amad,14,3,63,1.9,37,14,Man Utd,MUN,,
454,Antony,14,3,59,0.1,0,14,Man Utd,MUN,,
455,Mount,14,3,59,0.3,22,14,Man Utd,MUN,,
457,Casemiro,14,3,55,1.5,47,14,Man Utd,MUN,,
458,Mainoo,14,3,47,0.4,7,14,Man Utd,MUN,,
459,Ugarte,14,3,48,0.1,13,14,Man Utd,MUN,,
460,Collyer,14,3,45,0.0,0,14,Man Utd,MUN,,
461,Fitzgerald,14,3,44,0.0,0,14,Man Utd,MUN,,
462,J.Fletcher,14,3,43,0.1,0,14,Man Utd,MUN,,
463,Kone,14,3,44,0.1,0,14,Man Utd,MUN,,
464,Moorhouse,14,3,45,0.0,0,14,Man Utd,MUN,,
465,Højlund,14,4,63,0.3,0,14,Man Utd,MUN,,
466,Zirkzee,14,4,58,0.4,4,14,Man Utd,MUN,,
467,Obi,14,4,43,1.4,0,14,Man Utd,MUN,,
468,Wheatley,14,4,45,0.1,0,14,Man Utd,MUN,,
681,Šeško,14,4,73,3.8,31,14,Man Utd,MUN,,
733,Lammens,14,1,50,1.5,16,14,Man Utd,MUN,,
52,J.Ramsey,15,3,53,0.2,5,15,Newcastle,NEW,,
135,Wissa,15,4,73,0.5,0,15,Newcastle,NEW,,
469,Pope,15,1,52,11.2,55,15,Newcastle,NEW,,
471,Gillespie,15,1,39,0.1,0,15,Newcastle,NEW,,
472,Odysseas,15,1,40,0.0,0,15,Newcastle,NEW,,
473,Hall,15,2,52,0.7,11,15,Newcastle,NEW,,
474,Schär,15,2,53,1.7,29,15,Newcastle,NEW,,
475,Botman,15,2,49,0.6,32,15,Newcastle,NEW,,
476,Burn,15,2,51,7.5,48,15,Newcastle,NEW,,
477,Livramento,15,2,49,2.6,39,15,Newcastle,NEW,,
478,Trippier,15,2,50,2.3,30,15,Newcastle,NEW,,
479,Krafth,15,2,43,0.0,0,15,Newcastle,NEW,,
480,Lascelles,15,2,43,0.1,1,15,Newcastle,NEW,,
481,A.Murphy,15,2,39,0.6,0,15,Newcastle,NEW,,
482,Ashby,15,2,39,0.1,0,15,Newcastle,NEW,,
483,Pivas,15,2,39,0.2,0,15,Newcastle,NEW,,
484,Targett,15,2,40,0.2,0,15,Newcastle,NEW,,
485,Gordon,15,3,73,1.5,12,15,Newcastle,NEW,,
486,Elanga,15,3,66,3.3,17,15,Newcastle,NEW,,
487,Barnes,15,3,63,0.4,39,15,Newcastle,NEW,,
488,Bruno G.,15,3,66,3.6,60,15,Newcastle,NEW,,
489,J.Murphy,15,3,61,1.1,38,15,Newcastle,NEW,,
490,Joelinton,15,3,59,0.3,24,15,Newcastle,NEW,,
491,Tonali,15,3,54,1.2,36,15,Newcastle,NEW,,
492,Antoñito C.,15,3,49,0.0,0,15,Newcastle,NEW,,
494,Willock,15,3,50,0.1,6,15,Newcastle,NEW,,
495,Hayden,15,3,45,0.0,0,15,Newcastle,NEW,,
496,Kuol,15,3,44,0.0,0,15,Newcastle,NEW,,
497,L.Miley,15,3,44,2.0,14,15,Newcastle,NEW,,
498,White,15,3,45,0.0,0,15,Newcastle,NEW,,
500,Osula,15,4,55,0.3,18,15,Newcastle,NEW,,
501,Neave,15,4,44,0.2,0,15,Newcastle,NEW,,
674,Ramsdale,15,1,48,0.6,0,15,Newcastle,NEW,,
684,Thiaw,15,2,49,0.5,30,15,Newcastle,NEW,,
689,Seung soo,15,3,44,0.3,0,15,Newcastle,NEW,,
714,Woltemade,15,4,74,19.5,42,15,Newcastle,NEW,,
753,Ruddy,15,1,40,0.0,0,15,Newcastle,NEW,,
12,Zinchenko,16,2,49,0.2,5,16,Nott'm Forest,NFO,,
426,McAtee,16,3,51,0.1,4,16,Nott'm Forest,NFO,,
502,Sels,16,1,47,7.7,30,16,Nott'm Forest,NFO,,
503,C.Miguel,16,1,40,0.1,0,16,Nott'm Forest,NFO,,
504,Turner,16,1,40,0.1,0,16,Nott'm Forest,NFO,,
505,Milenković,16,2,52,3.7,27,16,Nott'm Forest,NFO,,
506,Murillo,16,2,53,2.0,30,16,Nott'm Forest,NFO,,
507,Aina,16,2,47,2.3,6,16,Nott'm Forest,NFO,,
508,N.Williams,16,2,47,3.2,33,16,Nott'm Forest,NFO,,
509,David Carmo,16,2,45,0.0,0,16,Nott'm Forest,NFO,,
510,Jair Cunha,16,2,43,0.1,3,16,Nott'm Forest,NFO,,
511,Morato,16,2,43,0.1,8,16,Nott'm Forest,NFO,,
512,O.Richards,16,2,45,0.0,0,16,Nott'm Forest,NFO,,
513,Abbott,16,2,39,0.2,0,16,Nott'm Forest,NFO,,
514,Boly,16,2,39,0.4,0,16,Nott'm Forest,NFO,,
515,Gibbs-White,16,3,73,3.3,48,16,Nott'm Forest,NFO,,
516,Hudson-Odoi,16,3,57,0.6,23,16,Nott'm Forest,NFO,,
517,Anderson,16,3,53,3.0,50,16,Nott'm Forest,NFO,,
518,Jota,16,3,54,0.0,1,16,Nott'm Forest,NFO,,
519,Dominguez,16,3,50,0.0,5,16,Nott'm Forest,NFO,,
520,O'Brien,16,3,50,0.0,0,16,Nott'm Forest,NFO,,
521,Sangaré,16,3,49,0.1,21,16,Nott'm Forest,NFO,,
522,Yates,16,3,47,0.1,12,16,Nott'm Forest,NFO,,
523,Da Silva Moreira,16,3,45,0.1,0,16,Nott'm Forest,NFO,,
524,Stamenic,16,3,45,0.0,0,16,Nott'm Forest,NFO,,
525,Wood,16,4,72,5.7,25,16,Nott'm Forest,NFO,,
526,Igor Jesus,16,4,58,0.7,16,16,Nott'm Forest,NFO,,
527,Awoniyi,16,4,52,0.3,4,16,Nott'm Forest,NFO,,
669,Ndoye,16,3,56,1.1,35,16,Nott'm Forest,NFO,,
675,Gunn,16,1,40,1.4,0,16,Nott'm Forest,NFO,,
693,Hutchinson,16,3,54,0.0,17,16,Nott'm Forest,NFO,,
696,Kalimuendo,16,4,60,0.1,6,16,Nott'm Forest,NFO,,
699,Douglas Luiz,16,3,50,0.0,7,16,Nott'm Forest,NFO,,
715,John,16,1,40,0.3,0,16,Nott'm Forest,NFO,,
716,Savona,16,2,45,0.0,24,16,Nott'm Forest,NFO,,
729,Cuiabano,16,2,45,0.0,0,16,Nott'm Forest,NFO,,
734,Bakwa,16,3,60,0.0,5,16,Nott'm Forest,NFO,,
528,Patterson,17,1,43,0.2,0,17,Sunderland,SUN,,
529,Moore,17,1,39,0.4,0,17,Sunderland,SUN,,
530,Nna Noukeu,17,1,39,0.1,0,17,Sunderland,SUN,,
531,Ballard,17,2,46,3.2,50,17,Sunderland,SUN,,
532,Hume,17,2,45,0.4,42,17,Sunderland,SUN,,
533,Alese,17,2,40,0.0,0,17,Sunderland,SUN,,
534,Anderson,17,2,39,0.4,0,17,Sunderland,SUN,,
535,Cirkin,17,2,40,0.0,0,17,Sunderland,SUN,,
536,Hjelde,17,2,40,0.0,0,17,Sunderland,SUN,,
537,Huggins,17,2,40,0.1,0,17,Sunderland,SUN,,
538,Johnson,17,2,39,0.3,0,17,Sunderland,SUN,,
539,O'Nien,17,2,40,0.1,0,17,Sunderland,SUN,,
540,Pembele,17,2,39,0.4,0,17,Sunderland,SUN,,
541,Reinildo,17,2,40,4.2,19,17,Sunderland,SUN,,
542,Seelt,17,2,40,0.1,2,17,Sunderland,SUN,,
543,Adingra,17,3,50,0.5,15,17,Sunderland,SUN,,
544,Diarra,17,3,53,0.0,12,17,Sunderland,SUN,,
545,Roberts,17,3,54,0.0,1,17,Sunderland,SUN,,
546,Aleksić,17,3,49,0.0,0,17,Sunderland,SUN,,
547,E.Le Fée,17,3,49,0.4,36,17,Sunderland,SUN,,
548,Mundle,17,3,49,0.0,0,17,Sunderland,SUN,,
549,Neil,17,3,48,0.0,2,17,Sunderland,SUN,,
550,Poveda,17,3,48,0.0,0,17,Sunderland,SUN,,
551,Rigg,17,3,48,0.0,8,17,Sunderland,SUN,,
552,Sadiki,17,3,50,0.1,28,17,Sunderland,SUN,,
553,Talbi,17,3,50,0.3,35,17,Sunderland,SUN,,
554,Ba,17,3,43,0.5,0,17,Sunderland,SUN,,
555,Browne,17,3,45,0.0,0,17,Sunderland,SUN,,
556,Ekwah,17,3,45,0.0,0,17,Sunderland,SUN,,
557,H.Jones,17,3,44,0.1,0,17,Sunderland,SUN,,
558,Matete,17,3,44,0.2,0,17,Sunderland,SUN,,
559,Triantis,17,3,44,0.0,0,17,Sunderland,SUN,,
560,Isidor,17,4,56,3.5,43,17,Sunderland,SUN,,
561,Mayenda,17,4,54,0.6,17,17,Sunderland,SUN,,
562,Abdullahi,17,4,43,0.4,0,17,Sunderland,SUN,,
563,Luís Hemir,17,4,44,0.1,0,17,Sunderland,SUN,,
564,Rusyn,17,4,44,0.1,0,17,Sunderland,SUN,,
668,Xhaka,17,3,52,6.7,54,17,Sunderland,SUN,,
670,Roefs,17,1,47,7.8,59,17,Sunderland,SUN,,
678,Masuaku,17,2,39,0.7,1,17,Sunderland,SUN,,
683,Alderete,17,2,41,4.7,45,17,Sunderland,SUN,,
694,Mukiele,17,2,42,6.2,55,17,Sunderland,SUN,,
724,Geertruida,17,2,45,0.0,12,17,Sunderland,SUN,,
730,Brobbey,17,4,55,0.1,14,17,Sunderland,SUN,,
735,Traoré,17,3,55,0.1,16,17,Sunderland,SUN,,
565,Vicario,18,1,50,9.2,47,18,Spurs,TOT,,
566,Austin,18,1,39,0.3,0,18,Spurs,TOT,,
567,Kinsky,18,1,39,1.9,0,18,Spurs,TOT,,
568,Pedro Porro,18,2,55,16.8,46,18,Spurs,TOT,,
569,Romero,18,2,50,3.9,34,18,Spurs,TOT,,
570,Danso,18,2,43,0.1,12,18,Spurs,TOT,,
571,Davies,18,2,43,0.1,0,18,Spurs,TOT,,
572,Dragusin,18,2,45,0.0,0,18,Spurs,TOT,,
573,Spence,18,2,45,1.5,31,18,Spurs,TOT,,
574,Udogie,18,2,44,0.4,12,18,Spurs,TOT,,
575,Van de Ven,18,2,48,33.7,58,18,Spurs,TOT,,
576,Phillips,18,2,40,0.0,0,18,Spurs,TOT,,
577,Takai,18,2,40,0.1,0,18,Spurs,TOT,,
578,Vuskovic,18,2,39,0.4,0,18,Spurs,TOT,,
579,Son,18,3,85,0.1,0,18,Spurs,TOT,,
580,Johnson,18,3,66,2.9,28,18,Spurs,TOT,,
581,Maddison,18,3,68,0.1,0,18,Spurs,TOT,,
582,Kudus,18,3,65,17.6,45,18,Spurs,TOT,,
583,Kulusevski,18,3,64,0.0,0,18,Spurs,TOT,,
584,Tel,18,3,63,0.1,23,18,Spurs,TOT,,
585,Bentancur,18,3,53,0.3,35,18,Spurs,TOT,,
586,Bergvall,18,3,54,0.3,24,18,Spurs,TOT,,
587,Bissouma,18,3,52,0.0,0,18,Spurs,TOT,,
588,Odobert,18,3,53,0.0,19,18,Spurs,TOT,,
589,Solomon,18,3,54,0.0,0,18,Spurs,TOT,,
590,Bryan,18,3,49,0.0,0,18,Spurs,TOT,,
591,Gray,18,3,48,0.1,4,18,Spurs,TOT,,
592,Moore,18,3,50,0.0,0,18,Spurs,TOT,,
593,P.M.Sarr,18,3,48,1.6,37,18,Spurs,TOT,,
594,Min-hyeok,18,3,45,0.0,0,18,Spurs,TOT,,
595,Olusesi,18,3,44,0.2,0,18,Spurs,TOT,,
596,Solanke,18,4,72,0.9,2,18,Spurs,TOT,,
597,Richarlison,18,4,64,7.4,44,18,Spurs,TOT,,
598,Lankshear,18,4,45,0.0,0,18,Spurs,TOT,,
599,Scarlett,18,4,43,0.7,0,18,Spurs,TOT,,
673,J.Palhinha,18,3,55,1.7,51,18,Spurs,TOT,,
717,Xavi,18,3,66,1.3,20,18,Spurs,TOT,,
726,Kolo Muani,18,4,69,0.2,6,18,Spurs,TOT,,
745,Byfield,18,2,40,0.0,0,18,Spurs,TOT,,
750,Rowswell,18,2,40,0.0,0,18,Spurs,TOT,,
751,Akhamrich,18,3,45,0.0,0,18,Spurs,TOT,,
149,Igor,19,2,45,0.1,6,19,West Ham,WHU,,
600,Areola,19,1,43,2.1,24,19,West Ham,WHU,,
601,Foderingham,19,1,40,0.3,0,19,West Ham,WHU,,
602,Hegyi,19,1,39,0.2,0,19,West Ham,WHU,,
603,Diouf,19,2,43,2.9,34,19,West Ham,WHU,,
604,Emerson,19,2,44,0.1,0,19,West Ham,WHU,,
605,Kilman,19,2,43,0.2,23,19,West Ham,WHU,,
606,Mavropanos,19,2,44,0.0,17,19,West Ham,WHU,,
607,N.Aguerd,19,2,44,0.0,3,19,West Ham,WHU,,
608,Scarles,19,2,44,0.0,1,19,West Ham,WHU,,
609,Todibo,19,2,43,0.1,12,19,West Ham,WHU,,
610,Wan-Bissaka,19,2,43,5.6,16,19,West Ham,WHU,,
611,Casey,19,2,40,0.1,0,19,West Ham,WHU,,
612,L.Paquetá,19,3,59,2.0,45,19,West Ham,WHU,,
613,Souček,19,3,57,0.3,27,19,West Ham,WHU,,
614,Ward-Prowse,19,3,56,0.2,11,19,West Ham,WHU,,
615,Summerville,19,3,55,0.1,23,19,West Ham,WHU,,
616,Álvarez,19,3,49,0.1,0,19,West Ham,WHU,,
617,Cornet,19,3,49,0.0,0,19,West Ham,WHU,,
618,G.Rodriguez,19,3,48,0.0,3,19,West Ham,WHU,,
619,L.Guilherme,19,3,49,0.0,4,19,West Ham,WHU,,
620,Earthy,19,3,45,0.0,0,19,West Ham,WHU,,
621,Irving,19,3,44,0.3,8,19,West Ham,WHU,,
622,Orford,19,3,44,0.1,0,19,West Ham,WHU,,
623,Potts,19,3,44,0.7,12,19,West Ham,WHU,,
624,Bowen,19,4,76,6.6,50,19,West Ham,WHU,,
625,Füllkrug,19,4,56,0.7,11,19,West Ham,WHU,,
626,Marshall,19,4,44,0.7,2,19,West Ham,WHU,,
659,Walker-Peters,19,2,43,0.3,21,19,West Ham,WHU,,
671,Wilson,19,4,58,0.4,34,19,West Ham,WHU,,
679,Hermansen,19,1,43,0.2,9,19,West Ham,WHU,,
708,M.Fernandes,19,3,55,0.1,32,19,West Ham,WHU,,
718,S.Magassa,19,3,50,0.0,6,19,West Ham,WHU,,
738,Fabianski,19,1,45,0.0,0,19,West Ham,WHU,,
747,Mayers,19,2,40,0.0,0,19,West Ham,WHU,,
752,Golambeckis,19,2,40,0.0,0,19,West Ham,WHU,,
627,Johnstone,20,1,45,0.1,16,20,Wolves,WOL,,
628,José Sá,20,1,43,1.1,5,20,Wolves,WOL,,
629,Bentley,20,1,40,0.6,0,20,Wolves,WOL,,
631,Agbadou,20,2,43,0.2,14,20,Wolves,WOL,,
632,Doherty,20,2,44,0.1,2,20,Wolves,WOL,,
633,H.Bueno,20,2,44,0.1,22,20,Wolves,WOL,,
634,Mosquera,20,2,43,0.1,1,20,Wolves,WOL,,
635,R.Gomes,20,2,44,0.1,13,20,Wolves,WOL,,
636,S.Bueno,20,2,44,0.1,25,20,Wolves,WOL,,
637,Toti,20,2,43,0.1,9,20,Wolves,WOL,,
638,Hoever,20,2,39,0.9,5,20,Wolves,WOL,,
639,Meupiyou,20,2,40,0.0,0,20,Wolves,WOL,,
640,Pedro Lima,20,2,40,0.5,0,20,Wolves,WOL,,
641,Pond,20,2,39,1.4,0,20,Wolves,WOL,,
642,Hee Chan,20,3,57,0.1,17,20,Wolves,WOL,,
643,André,20,3,53,0.1,29,20,Wolves,WOL,,
644,Bellegarde,20,3,52,0.0,14,20,Wolves,WOL,,
645,Fer López,20,3,52,0.0,7,20,Wolves,WOL,,
646,Gomes,20,3,53,0.1,27,20,Wolves,WOL,,
647,Guedes,20,3,55,0.0,0,20,Wolves,WOL,,
648,Munetsi,20,3,54,0.1,37,20,Wolves,WOL,,
649,B.Traore,20,3,50,0.0,0,20,Wolves,WOL,,
650,Chirewa,20,3,43,0.3,0,20,Wolves,WOL,,
651,Edozie,20,3,44,0.3,0,20,Wolves,WOL,,
652,Gonzalez,20,3,44,1.4,0,20,Wolves,WOL,,
653,Hodge,20,3,45,0.0,0,20,Wolves,WOL,,
654,Strand Larsen,20,4,63,1.1,23,20,Wolves,WOL,,
655,Fábio Silva,20,4,49,0.2,0,20,Wolves,WOL,,
656,Kalajdžić,20,4,49,0.1,1,20,Wolves,WOL,,
657,Chiwome,20,4,44,0.0,0,20,Wolves,WOL,,
658,Fraser,20,4,43,1.8,0,20,Wolves,WOL,,
663,J.Arias,20,3,51,0.2,20,20,Wolves,WOL,,
682,Møller Wolfe,20,2,43,0.1,9,20,Wolves,WOL,,
695,Tchatchoua,20,2,45,0.0,15,20,Wolves,WOL,,
709,Krejčí,20,2,45,0.1,18,20,Wolves,WOL,,
720,Tolu,20,4,55,0.1,10,20,Wolves,WOL,,
749,Mané,20,4,45,0.0,1,20,Wolves,WOL,,
