element,web_name,team,team_name,next_opponent_id,next_opponent_name,is_home,opponent_strength,recent_form,now_cost,selected_by_percent,element_type,code,team_code,opponent_team_code,ict_index
27,Nelson,5,Brentford,3,Burnley,1,3,0.4,48,0.1,3,200641,94,90,2.0
83,O.Dango,5,Brentford,3,Burnley,1,3,5.0,60,0.9,3,533463,94,90,42.4
101,Kelleher,5,Brentford,3,Burnley,1,3,2.6,45,7.9,1,200720,94,90,24.6
102,Balcombe,5,Brentford,3,Burnley,1,3,0.0,40,0.3,1,235448,94,90,0.0
103,Cox,5,Brentford,3,Burnley,1,3,0.0,40,0.1,1,503300,94,90,0.0
104,Eyestone,5,Brentford,3,Burnley,1,3,0.0,39,0.1,1,535017,94,90,0.0
105,Valdimarsson,5,Brentford,3,Burnley,1,3,0.0,39,0.7,1,507433,94,90,0.0
106,Collins,5,Brentford,3,Burnley,1,3,3.0,49,1.4,2,432830,94,90,40.4
107,Lewis-Potter,5,Brentford,3,Burnley,1,3,1.0,48,0.3,2,249231,94,90,18.1
108,Ajer,5,Brentford,3,Burnley,1,3,3.0,44,0.2,2,191866,94,90,20.8
109,Henry,5,Brentford,3,Burnley,1,3,0.4,43,0.1,2,194010,94,90,4.6
110,Kayode,5,Brentford,3,Burnley,1,3,3.2,45,0.6,2,607464,94,90,47.0
111,Pinnock,5,Brentford,3,Burnley,1,3,0.0,43,0.1,2,231065,94,90,4.3
112,Roerslev,5,Brentford,3,Burnley,1,3,0.0,45,0.0,2,226956,94,90,0.0
113,Van den Berg,5,Brentford,3,Burnley,1,3,3.4,45,1.0,2,444765,94,90,41.9
114,Arthur,5,Brentford,3,Burnley,1,3,0.0,39,0.2,2,622536,94,90,0.0
115,Fredrick,5,Brentford,3,Burnley,1,3,0.0,40,0.1,2,612534,94,90,0.0
116,Hickey,5,Brentford,3,Burnley,1,3,0.6,40,0.3,2,472713,94,90,6.4
117,Ji-soo,5,Brentford,3,Burnley,1,3,0.0,39,0.1,2,570241,94,90,0.0
118,Meghoma,5,Brentford,3,Burnley,1,3,0.0,40,0.0,2,499717,94,90,0.0
120,Schade,5,Brentford,3,Burnley,1,3,4.8,70,2.1,3,513418,94,90,62.8
121,Damsgaard,5,Brentford,3,Burnley,1,3,3.2,58,0.6,3,440089,94,90,52.1
122,Milambo,5,Brentford,3,Burnley,1,3,0.0,52,0.0,3,543295,94,90,0.6
123,Carvalho,5,Brentford,3,Burnley,1,3,0.2,48,0.2,3,244858,94,90,8.1
124,Henderson,5,Brentford,3,Burnley,1,3,1.8,50,0.4,3,56979,94,90,33.2
125,Janelt,5,Brentford,3,Burnley,1,3,1.4,49,0.0,3,204580,94,90,7.6
126,Jensen,5,Brentford,3,Burnley,1,3,2.0,49,0.1,3,207283,94,90,20.0
127,Nunes,5,Brentford,3,Burnley,1,3,0.0,49,0.0,3,626464,94,90,0.0
128,Onyeka,5,Brentford,3,Burnley,1,3,0.2,49,0.1,3,428580,94,90,4.6
129,Yarmoliuk,5,Brentford,3,Burnley,1,3,2.4,50,0.1,3,508395,94,90,28.8
130,Donovan,5,Brentford,3,Burnley,1,3,0.0,45,0.1,3,606689,94,90,0.0
131,Konak,5,Brentford,3,Burnley,1,3,0.0,44,0.2,3,628204,94,90,0.0
132,Maghoma,5,Brentford,3,Burnley,1,3,0.0,45,0.0,3,220695,94,90,0.0
133,Peart-Harris,5,Brentford,3,Burnley,1,3,0.0,44,0.0,3,450539,94,90,0.0
134,Trevitt,5,Brentford,3,Burnley,1,3,0.0,45,0.0,3,591357,94,90,0.0
136,Thiago,5,Brentford,3,Burnley,1,3,6.4,65,19.5,4,502500,94,90,90.4
137,Morgan,5,Brentford,3,Burnley,1,3,0.0,44,0.4,4,533710,94,90,0.0
748,Dasilva,5,Brentford,3,Burnley,1,3,0.0,50,0.0,3,183656,94,90,0.0
183,Weiss,3,Burnley,5,Brentford,0,3,0.0,43,0.1,1,518030,90,94,0.0
184,Green,3,Burnley,5,Brentford,0,3,0.0,40,0.2,1,489571,90,94,0.0
185,Hladký,3,Burnley,5,Brentford,0,3,0.0,39,0.2,1,51943,90,94,0.0
186,Roberts,3,Burnley,5,Brentford,0,3,0.0,44,0.0,2,192290,90,94,0.0
187,Walker,3,Burnley,5,Brentford,0,3,3.6,44,1.5,2,58621,90,94,28.8
188,Delcroix,3,Burnley,5,Brentford,0,3,0.0,39,0.2,2,247245,90,94,0.0
189,Dodgson,3,Burnley,5,Brentford,0,3,0.0,40,0.0,2,461567,90,94,0.0
190,Ekdal,3,Burnley,5,Brentford,0,3,0.2,40,1.0,2,478969,90,94,21.7
191,Estève,3,Burnley,5,Brentford,0,3,3.2,39,11.7,2,477717,90,94,32.1
192,Hartman,3,Burnley,5,Brentford,0,3,3.2,40,1.0,2,494960,90,94,49.9
193,Humphreys,3,Burnley,5,Brentford,0,3,0.0,40,0.1,2,461188,90,94,0.0
194,Jordan,3,Burnley,5,Brentford,0,3,0.0,40,0.1,2,241231,90,94,0.0
195,Lucas Pires,3,Burnley,5,Brentford,0,3,0.2,38,0.2,2,549329,90,94,1.9
196,Sambo,3,Burnley,5,Brentford,0,3,0.0,40,0.0,2,450072,90,94,0.0
197,Sonne,3,Burnley,5,Brentford,0,3,0.0,39,0.1,2,519895,90,94,3.0
198,Tuanzebe,3,Burnley,5,Brentford,0,3,3.2,39,1.8,2,180804,90,94,14.0
199,Worrall,3,Burnley,5,Brentford,0,3,0.0,39,0.2,2,208912,90,94,1.2
200,Anthony,3,Burnley,5,Brentford,0,3,2.0,56,4.4,3,444180,90,94,64.2
201,Benson,3,Burnley,5,Brentford,0,3,0.0,54,0.0,3,183751,90,94,0.0
202,Bruun Larsen,3,Burnley,5,Brentford,0,3,1.2,53,0.0,3,179458,90,94,17.0
203,Boateng,3,Burnley,5,Brentford,0,3,0.0,48,0.0,3,578614,90,94,0.0
204,Churlinov,3,Burnley,5,Brentford,0,3,0.0,49,0.0,3,250735,90,94,0.0
205,Cullen,3,Burnley,5,Brentford,0,3,3.6,50,2.4,3,172567,90,94,50.7
206,Edwards,3,Burnley,5,Brentford,0,3,0.4,47,0.1,3,174592,90,94,2.6
207,Hannibal,3,Burnley,5,Brentford,0,3,1.8,48,0.1,3,465527,90,94,13.7
208,Koleosho,3,Burnley,5,Brentford,0,3,0.0,50,0.0,3,487702,90,94,0.0
209,Laurent,3,Burnley,5,Brentford,0,3,1.0,49,0.0,3,167887,90,94,12.9
210,Tchaouna,3,Burnley,5,Brentford,0,3,2.2,49,0.0,3,469272,90,94,18.1
211,A.Ramsey,3,Burnley,5,Brentford,0,3,0.0,44,1.9,3,447715,90,94,0.0
212,Adewumi,3,Burnley,5,Brentford,0,3,0.0,45,0.0,3,576323,90,94,0.0
213,Banel,3,Burnley,5,Brentford,0,3,0.0,45,0.0,3,551206,90,94,0.0
214,Trésor,3,Burnley,5,Brentford,0,3,0.0,44,0.1,3,437748,90,94,0.0
215,Flemming,3,Burnley,5,Brentford,0,3,4.6,53,0.4,4,431639,90,94,28.0
216,Amdouni,3,Burnley,5,Brentford,0,3,0.0,48,0.0,4,492831,90,94,0.0
217,Foster,3,Burnley,5,Brentford,0,3,1.6,50,1.5,4,435973,90,94,28.0
218,Barnes,3,Burnley,5,Brentford,0,3,0.2,43,1.3,4,44699,90,94,0.1
219,Obafemi,3,Burnley,5,Brentford,0,3,0.0,44,0.1,4,220598,90,94,0.0
470,Dúbravka,3,Burnley,5,Brentford,0,3,3.4,40,33.8,1,67089,90,94,37.1
676,Ugochukwu,3,Burnley,5,Brentford,0,3,4.2,50,0.1,3,503714,90,94,26.0
680,Broja,3,Burnley,5,Brentford,0,3,0.6,52,0.1,4,440323,90,94,5.0
722,Florentino,3,Burnley,5,Brentford,0,3,3.6,50,0.1,3,216055,90,94,28.2
182,Trafford,13,Man City,11,Leeds,1,3,0.0,46,1.1,1,432720,43,2,10.1
399,Ederson M.,13,Man City,11,Leeds,1,3,0.0,53,0.9,1,121160,43,2,0.0
400,Ortega Moreno,13,Man City,11,Leeds,1,3,0.0,48,0.2,1,88248,43,2,0.0
401,Bettinelli,13,Man City,11,Leeds,1,3,0.0,40,0.1,1,122074,43,2,0.0
402,Aït-Nouri,13,Man City,11,Leeds,1,3,0.2,57,4.6,2,448514,43,2,7.8
403,Gvardiol,13,Man City,11,Leeds,1,3,2.2,58,5.6,2,477424,43,2,24.0
404,Akanji,13,Man City,11,Leeds,1,3,0.0,54,0.3,2,211975,43,2,0.0
405,Aké,13,Man City,11,Leeds,1,3,1.2,53,0.6,2,126184,43,2,7.6
406,Khusanov,13,Man City,11,Leeds,1,3,0.0,54,0.3,2,578153,43,2,4.8
407,Matheus N.,13,Man City,11,Leeds,1,3,5.0,53,1.2,2,465351,43,2,33.3
408,Rúben,13,Man City,11,Leeds,1,3,5.0,55,5.2,2,171314,43,2,35.1
409,Stones,13,Man City,11,Leeds,1,3,0.4,54,0.7,2,97299,43,2,9.1
410,Lewis,13,Man City,11,Leeds,1,3,0.2,48,1.5,2,477064,43,2,9.4
411,O’Reilly,13,Man City,11,Leeds,1,3,6.4,51,6.0,2,472769,43,2,44.8
412,Vitor Reis,13,Man City,11,Leeds,1,3,0.0,50,0.0,2,616222,43,2,0.0
413,Marmoush,13,Man City,11,Leeds,1,3,0.8,83,2.6,3,438234,43,2,14.9
414,Foden,13,Man City,11,Leeds,1,3,2.6,80,5.7,3,209244,43,2,62.6
415,Savinho,13,Man City,11,Leeds,1,3,2.0,69,0.5,3,510281,43,2,29.0
416,Bernardo,13,Man City,11,Leeds,1,3,2.2,63,0.5,3,165809,43,2,34.2
417,Cherki,13,Man City,11,Leeds,1,3,4.0,64,3.7,3,466052,43,2,33.1
418,Doku,13,Man City,11,Leeds,1,3,3.4,65,9.1,3,248875,43,2,81.3
420,Gündoğan,13,Man City,11,Leeds,1,3,0.0,63,0.1,3,59859,43,2,0.0
421,Rodrigo,13,Man City,11,Leeds,1,3,0.2,63,0.4,3,220566,43,2,12.0
422,Kovačić,13,Man City,11,Leeds,1,3,0.2,59,0.0,3,91651,43,2,0.3
423,N.Gonzalez,13,Man City,11,Leeds,1,3,3.8,59,0.1,3,465694,43,2,31.7
424,Bobb,13,Man City,11,Leeds,1,3,0.6,53,0.2,3,477555,43,2,31.2
425,Echeverri,13,Man City,11,Leeds,1,3,0.0,54,0.0,3,575204,43,2,0.0
427,Reijnders,13,Man City,11,Leeds,1,3,0.8,54,16.4,3,433036,43,2,47.4
428,Nypan,13,Man City,11,Leeds,1,3,0.0,50,0.0,3,566164,43,2,0.0
429,Phillips,13,Man City,11,Leeds,1,3,0.0,48,0.1,3,155405,43,2,0.0
430,Haaland,13,Man City,11,Leeds,1,3,6.8,149,71.9,4,223094,43,2,130.1
736,Donnarumma,13,Man City,11,Leeds,1,3,3.4,57,10.8,1,204936,43,2,12.1
739,Mukasa,13,Man City,11,Leeds,1,3,0.0,45,0.0,3,590039,43,2,0.0
740,Mfuni,13,Man City,11,Leeds,1,3,0.0,40,0.0,2,566213,43,2,0.0
742,McAidoo,13,Man City,11,Leeds,1,3,0.0,45,0.0,3,616288,43,2,0.0
339,Meslier,11,Leeds,13,Man City,0,4,0.0,43,0.4,1,437495,2,43,0.0
340,Cairns,11,Leeds,13,Man City,0,4,0.0,39,0.2,1,97846,2,43,0.0
341,Darlow,11,Leeds,13,Man City,0,4,0.2,40,2.2,1,59735,2,43,10.5
342,Bogle,11,Leeds,13,Man City,0,4,1.0,45,0.2,2,226182,2,43,31.0
343,Struijk,11,Leeds,13,Man City,0,4,0.2,44,0.3,2,222694,2,43,28.5
344,Bijol,11,Leeds,13,Man City,0,4,1.2,39,0.2,2,434752,2,43,6.8
345,Bornauw,11,Leeds,13,Man City,0,4,0.0,39,0.1,2,437738,2,43,0.0
346,Byram,11,Leeds,13,Man City,0,4,0.0,39,0.2,2,113564,2,43,0.0
347,Gudmundsson,11,Leeds,13,Man City,0,4,1.0,40,4.2,2,243526,2,43,45.4
348,Rodon,11,Leeds,13,Man City,0,4,3.8,41,6.0,2,214225,2,43,50.8
349,Schmidt,11,Leeds,13,Man City,0,4,0.0,40,0.1,2,492368,2,43,0.0
350,Aaronson,11,Leeds,13,Man City,0,4,4.8,54,0.2,3,427637,2,43,50.6
351,Gnonto,11,Leeds,13,Man City,0,4,0.0,52,0.1,3,492859,2,43,6.7
352,Harrison,11,Leeds,13,Man City,0,4,1.0,51,0.1,3,221399,2,43,11.5
353,James,11,Leeds,13,Man City,0,4,1.0,53,0.1,3,200617,2,43,21.1
354,Ampadu,11,Leeds,13,Man City,0,4,2.6,49,0.1,3,199598,2,43,26.7
355,Greenwood,11,Leeds,13,Man City,0,4,0.0,49,0.0,3,248937,2,43,0.0
356,Gruev,11,Leeds,13,Man City,0,4,0.0,48,0.0,3,486520,2,43,3.6
357,Ramazani,11,Leeds,13,Man City,0,4,0.0,49,0.0,3,433952,2,43,0.0
358,Tanaka,11,Leeds,13,Man City,0,4,1.6,48,0.1,3,248056,2,43,12.3
359,Crew,11,Leeds,13,Man City,0,4,0.0,45,0.0,3,536119,2,43,0.0
360,Gelhardt,11,Leeds,13,Man City,0,4,0.0,45,0.0,3,462635,2,43,0.0
361,Gyabi,11,Leeds,13,Man City,0,4,0.0,45,0.0,3,470294,2,43,0.0
362,Piroe,11,Leeds,13,Man City,0,4,0.6,50,0.4,4,235826,2,43,10.2
363,Bamford,11,Leeds,13,Man City,0,4,0.0,49,0.4,4,106617,2,43,0.0
364,Mateo Joseph,11,Leeds,13,Man City,0,4,0.0,50,0.0,4,565297,2,43,0.0
365,Nmecha,11,Leeds,13,Man City,0,4,3.8,50,0.7,4,174594,2,43,28.7
493,Longstaff,11,Leeds,13,Man City,0,4,2.4,49,0.8,3,180135,2,43,60.9
660,Stach,11,Leeds,13,Man City,0,4,2.2,48,1.7,3,466525,2,43,50.6
665,Perri,11,Leeds,13,Man City,0,4,1.2,45,0.2,1,201595,2,43,12.4
691,Calvert-Lewin,11,Leeds,13,Man City,0,4,1.6,55,0.8,4,177815,2,43,37.1
698,Okafor,11,Leeds,13,Man City,0,4,2.0,55,0.1,3,435997,2,43,33.6
706,Justin,11,Leeds,13,Man City,0,4,0.2,39,0.2,2,220627,2,43,1.8
741,Gray,11,Leeds,13,Man City,0,4,0.0,45,0.1,4,600882,2,43,0.0
528,Patterson,17,Sunderland,4,Bournemouth,1,3,0.0,43,0.2,1,232571,56,91,0.0
529,Moore,17,Sunderland,4,Bournemouth,1,3,0.0,39,0.4,1,74854,56,91,0.0
530,Nna Noukeu,17,Sunderland,4,Bournemouth,1,3,0.0,39,0.1,1,490000,56,91,0.0
531,Ballard,17,Sunderland,4,Bournemouth,1,3,5.4,46,3.3,2,223827,56,91,49.2
532,Hume,17,Sunderland,4,Bournemouth,1,3,3.2,45,0.4,2,487676,56,91,35.4
533,Alese,17,Sunderland,4,Bournemouth,1,3,0.0,40,0.0,2,220684,56,91,0.0
534,Anderson,17,Sunderland,4,Bournemouth,1,3,0.0,39,0.4,2,232820,56,91,0.0
535,Cirkin,17,Sunderland,4,Bournemouth,1,3,0.0,40,0.0,2,461195,56,91,0.0
536,Hjelde,17,Sunderland,4,Bournemouth,1,3,0.0,40,0.0,2,477547,56,91,0.0
537,Huggins,17,Sunderland,4,Bournemouth,1,3,0.0,40,0.1,2,492066,56,91,0.0
538,Johnson,17,Sunderland,4,Bournemouth,1,3,0.0,39,0.3,2,514613,56,91,0.0
539,O'Nien,17,Sunderland,4,Bournemouth,1,3,0.0,40,0.1,2,167512,56,91,0.0
540,Pembele,17,Sunderland,4,Bournemouth,1,3,0.0,39,0.4,2,465702,56,91,0.0
541,Reinildo,17,Sunderland,4,Bournemouth,1,3,1.0,40,4.2,2,434399,56,91,17.5
542,Seelt,17,Sunderland,4,Bournemouth,1,3,0.0,40,0.1,2,519634,56,91,3.6
543,Adingra,17,Sunderland,4,Bournemouth,1,3,0.4,50,0.5,3,535818,56,91,11.5
544,Diarra,17,Sunderland,4,Bournemouth,1,3,0.0,53,0.0,3,547027,56,91,8.0
545,Roberts,17,Sunderland,4,Bournemouth,1,3,0.0,54,0.0,3,124165,56,91,1.4
546,Aleksić,17,Sunderland,4,Bournemouth,1,3,0.0,49,0.0,3,626844,56,91,0.0
547,E.Le Fée,17,Sunderland,4,Bournemouth,1,3,3.2,49,0.4,3,484420,56,91,40.7
548,Mundle,17,Sunderland,4,Bournemouth,1,3,0.0,49,0.0,3,461199,56,91,0.0
549,Neil,17,Sunderland,4,Bournemouth,1,3,0.2,48,0.0,3,223336,56,91,0.2
550,Poveda,17,Sunderland,4,Bournemouth,1,3,0.0,48,0.0,3,215460,56,91,0.0
551,Rigg,17,Sunderland,4,Bournemouth,1,3,0.8,48,0.0,3,554197,56,91,4.3
552,Sadiki,17,Sunderland,4,Bournemouth,1,3,2.8,50,0.1,3,577669,56,91,29.4
553,Talbi,17,Sunderland,4,Bournemouth,1,3,3.0,50,0.2,3,549912,56,91,25.3
554,Ba,17,Sunderland,4,Bournemouth,1,3,0.0,43,0.5,3,477851,56,91,0.0
555,Browne,17,Sunderland,4,Bournemouth,1,3,0.0,45,0.0,3,171422,56,91,0.0
556,Ekwah,17,Sunderland,4,Bournemouth,1,3,0.0,45,0.0,3,458297,56,91,0.0
557,H.Jones,17,Sunderland,4,Bournemouth,1,3,0.0,44,0.1,3,547410,56,91,0.0
558,Matete,17,Sunderland,4,Bournemouth,1,3,0.0,44,0.2,3,493837,56,91,0.0
559,Triantis,17,Sunderland,4,Bournemouth,1,3,0.0,44,0.0,3,500696,56,91,0.0
560,Isidor,17,Sunderland,4,Bournemouth,1,3,3.0,56,3.4,4,437505,56,91,38.9
561,Mayenda,17,Sunderland,4,Bournemouth,1,3,0.6,53,0.6,4,564406,56,91,12.3
562,Abdullahi,17,Sunderland,4,Bournemouth,1,3,0.0,43,0.4,4,611975,56,91,0.0
563,Luís Hemir,17,Sunderland,4,Bournemouth,1,3,0.0,44,0.1,4,551153,56,91,0.0
564,Rusyn,17,Sunderland,4,Bournemouth,1,3,0.0,44,0.1,4,440955,56,91,0.0
668,Xhaka,17,Sunderland,4,Bournemouth,1,3,4.4,52,6.6,3,84450,56,91,63.0
670,Roefs,17,Sunderland,4,Bournemouth,1,3,3.6,47,7.9,1,498016,56,91,38.6
678,Masuaku,17,Sunderland,4,Bournemouth,1,3,0.0,39,0.7,2,105717,56,91,4.9
683,Alderete,17,Sunderland,4,Bournemouth,1,3,1.2,41,4.5,2,201895,56,91,34.4
694,Mukiele,17,Sunderland,4,Bournemouth,1,3,5.6,42,6.3,2,200834,56,91,40.4
724,Geertruida,17,Sunderland,4,Bournemouth,1,3,1.6,45,0.0,2,247955,56,91,12.9
730,Brobbey,17,Sunderland,4,Bournemouth,1,3,2.2,55,0.1,4,441264,56,91,10.2
735,Traoré,17,Sunderland,4,Bournemouth,1,3,3.0,55,0.1,3,110504,56,91,21.9
66,Neto,4,Bournemouth,17,Sunderland,0,3,0.0,45,0.1,1,69752,91,56,0.0
67,Petrović,4,Bournemouth,17,Sunderland,0,3,2.8,45,5.8,1,457569,91,56,27.9
68,Dennis,4,Bournemouth,17,Sunderland,0,3,0.0,40,1.0,1,444172,91,56,0.0
69,McKenna,4,Bournemouth,17,Sunderland,0,3,0.0,40,0.2,1,568791,91,56,0.0
70,Paulsen,4,Bournemouth,17,Sunderland,0,3,0.0,40,0.1,1,495145,91,56,0.0
71,Zabarnyi,4,Bournemouth,17,Sunderland,0,3,0.0,50,0.0,2,477580,91,56,0.0
72,Senesi,4,Bournemouth,17,Sunderland,0,3,3.0,50,26.0,2,221466,91,56,56.3
73,Smith,4,Bournemouth,17,Sunderland,0,3,0.4,44,0.2,2,54469,91,56,3.8
74,Truffert,4,Bournemouth,17,Sunderland,0,3,2.6,45,2.4,2,494521,91,56,50.2
75,Akinmboni,4,Bournemouth,17,Sunderland,0,3,0.0,39,0.2,2,541462,91,56,0.0
76,Bevan,4,Bournemouth,17,Sunderland,0,3,0.0,39,0.2,2,518906,91,56,0.0
77,Hill,4,Bournemouth,17,Sunderland,0,3,0.2,40,0.8,2,463981,91,56,9.1
78,J.Araujo,4,Bournemouth,17,Sunderland,0,3,0.0,39,0.7,2,436893,91,56,0.0
79,Mepham,4,Bournemouth,17,Sunderland,0,3,0.0,40,0.1,2,223911,91,56,0.0
80,Soler,4,Bournemouth,17,Sunderland,0,3,0.0,40,0.2,2,575901,91,56,0.0
81,Kluivert,4,Bournemouth,17,Sunderland,0,3,1.2,70,0.8,3,222683,91,56,23.2
82,Semenyo,4,Bournemouth,17,Sunderland,0,3,1.8,79,54.0,3,437730,91,56,79.7
84,Tavernier,4,Bournemouth,17,Sunderland,0,3,5.4,55,2.1,3,201658,91,56,66.7
85,Adams,4,Bournemouth,17,Sunderland,0,3,4.2,50,0.5,3,200785,91,56,37.8
86,Brooks,4,Bournemouth,17,Sunderland,0,3,0.8,50,0.2,3,111317,91,56,38.9
87,Christie,4,Bournemouth,17,Sunderland,0,3,1.8,50,0.1,3,158499,91,56,22.1
88,Cook,4,Bournemouth,17,Sunderland,0,3,1.6,49,0.0,3,155408,91,56,12.8
89,Philip,4,Bournemouth,17,Sunderland,0,3,0.0,49,0.0,3,168991,91,56,0.0
90,Scott,4,Bournemouth,17,Sunderland,0,3,2.6,50,0.3,3,503139,91,56,33.7
91,Sinisterra,4,Bournemouth,17,Sunderland,0,3,0.0,50,0.0,3,224995,91,56,0.0
92,Faivre,4,Bournemouth,17,Sunderland,0,3,0.0,45,0.1,3,441240,91,56,0.0
93,H.Traorè,4,Bournemouth,17,Sunderland,0,3,0.0,45,0.4,3,424044,91,56,3.1
94,Sadi,4,Bournemouth,17,Sunderland,0,3,0.0,45,0.0,3,550596,91,56,0.0
95,Silcott-Duberry,4,Bournemouth,17,Sunderland,0,3,0.0,44,0.1,3,530121,91,56,0.0
96,Winterburn,4,Bournemouth,17,Sunderland,0,3,0.0,45,0.0,3,606775,91,56,0.0
97,Evanilson,4,Bournemouth,17,Sunderland,0,3,1.6,70,1.5,4,444102,91,56,43.0
98,Enes Ünal,4,Bournemouth,17,Sunderland,0,3,1.4,54,0.0,4,168636,91,56,7.2
99,Adu-Adjei,4,Bournemouth,17,Sunderland,0,3,0.0,44,0.2,4,590760,91,56,0.0
100,Kroupi.Jr,4,Bournemouth,17,Sunderland,0,3,4.6,46,4.6,4,560262,91,56,39.4
391,Gannon-Doak,4,Bournemouth,17,Sunderland,0,3,0.4,49,0.0,3,496208,91,56,4.7
685,Diakité,4,Bournemouth,17,Sunderland,0,3,0.8,45,0.4,2,242882,91,56,22.2
687,Rees-Dottin,4,Bournemouth,17,Sunderland,0,3,0.0,44,0.1,3,606774,91,56,0.0
697,Adli,4,Bournemouth,17,Sunderland,0,3,0.8,54,0.0,3,489888,91,56,17.5
713,A.Jimenez,4,Bournemouth,17,Sunderland,0,3,1.6,45,0.0,2,551483,91,56,13.3
721,Milosavljević,4,Bournemouth,17,Sunderland,0,3,1.6,45,0.0,2,620487,91,56,9.0
242,Dewsbury-Hall,9,Everton,15,Newcastle,1,3,5.6,49,2.9,3,215413,11,4,57.8
287,Pickford,9,Everton,15,Newcastle,1,3,4.4,55,9.5,1,111234,11,4,32.2
288,Travers,9,Everton,15,Newcastle,1,3,0.0,44,0.1,1,229600,11,4,0.0
289,Tyrer,9,Everton,15,Newcastle,1,3,0.0,39,0.1,1,447325,11,4,0.0
290,Branthwaite,9,Everton,15,Newcastle,1,3,0.0,53,0.2,2,480455,11,4,0.0
291,Tarkowski,9,Everton,15,Newcastle,1,3,3.8,54,5.6,2,17761,11,4,45.2
292,Mykolenko,9,Everton,15,Newcastle,1,3,3.8,49,0.4,2,224967,11,4,22.6
293,O'Brien,9,Everton,15,Newcastle,1,3,2.2,49,0.4,2,512462,11,4,27.7
294,Coleman,9,Everton,15,Newcastle,1,3,0.2,43,0.1,2,59949,11,4,0.0
295,Keane,9,Everton,15,Newcastle,1,3,6.0,45,1.9,2,106611,11,4,45.1
296,Patterson,9,Everton,15,Newcastle,1,3,0.0,44,0.0,2,243571,11,4,0.0
297,Dixon,9,Everton,15,Newcastle,1,3,0.0,39,0.2,2,496178,11,4,0.0
298,Welch,9,Everton,15,Newcastle,1,3,0.0,39,0.1,2,474907,11,4,0.0
299,Ndiaye,9,Everton,15,Newcastle,1,3,4.2,66,11.3,3,440993,11,4,68.4
300,McNeil,9,Everton,15,Newcastle,1,3,0.6,55,0.1,3,433154,11,4,2.7
301,Alcaraz,9,Everton,15,Newcastle,1,3,0.8,52,0.1,3,502697,11,4,9.8
302,Gana,9,Everton,15,Newcastle,1,3,3.2,54,0.1,3,80801,11,4,39.2
303,Garner,9,Everton,15,Newcastle,1,3,3.0,50,0.7,3,232928,11,4,56.8
304,Iroegbunam,9,Everton,15,Newcastle,1,3,1.6,49,0.0,3,490094,11,4,10.5
305,Armstrong,9,Everton,15,Newcastle,1,3,0.0,45,0.1,3,609873,11,4,0.0
306,Bates,9,Everton,15,Newcastle,1,3,0.0,44,0.1,3,547801,11,4,0.0
307,Ebere,9,Everton,15,Newcastle,1,3,0.0,44,0.0,3,504296,11,4,0.0
308,Heath,9,Everton,15,Newcastle,1,3,0.0,45,0.0,3,496279,11,4,0.0
309,Metcalfe,9,Everton,15,Newcastle,1,3,0.0,45,0.0,3,491557,11,4,0.0
310,Barry,9,Everton,15,Newcastle,1,3,1.2,57,0.3,4,586309,11,4,10.7
311,Beto,9,Everton,15,Newcastle,1,3,1.4,51,2.9,4,486385,11,4,33.6
312,Y.Chermiti,9,Everton,15,Newcastle,1,3,0.0,49,0.1,4,491012,11,4,0.0
313,Sherif,9,Everton,15,Newcastle,1,3,0.0,44,0.1,4,536241,11,4,0.0
419,Grealish,9,Everton,15,Newcastle,1,3,1.8,67,14.2,3,114283,11,4,81.4
630,King,9,Everton,15,Newcastle,1,3,0.0,39,1.4,1,138001,11,4,0.0
667,Aznou,9,Everton,15,Newcastle,1,3,0.0,43,0.1,2,499300,11,4,0.0
704,Onyango,9,Everton,15,Newcastle,1,3,0.0,45,0.1,3,461446,11,4,0.0
705,Campbell,9,Everton,15,Newcastle,1,3,0.0,39,0.2,2,491745,11,4,0.0
707,Dibling,9,Everton,15,Newcastle,1,3,0.0,54,0.0,3,496661,11,4,0.5
728,Röhl,9,Everton,15,Newcastle,1,3,0.6,50,0.0,3,513466,11,4,3.2
52,J.Ramsey,15,Newcastle,9,Everton,0,3,0.6,53,0.2,3,232653,4,11,12.9
135,Wissa,15,Newcastle,9,Everton,0,3,0.0,73,0.5,4,216646,4,11,0.0
469,Pope,15,Newcastle,9,Everton,0,3,2.8,52,10.9,1,98747,4,11,31.1
471,Gillespie,15,Newcastle,9,Everton,0,3,0.0,39,0.1,1,81441,4,11,0.0
472,Odysseas,15,Newcastle,9,Everton,0,3,0.0,40,0.0,1,111452,4,11,0.0
473,Hall,15,Newcastle,9,Everton,0,3,0.4,52,0.8,2,487838,4,11,6.1
474,Schär,15,Newcastle,9,Everton,0,3,1.2,53,1.7,2,119471,4,11,18.4
475,Botman,15,Newcastle,9,Everton,0,3,1.2,49,0.6,2,220237,4,11,24.7
476,Burn,15,Newcastle,9,Everton,0,3,1.0,51,7.3,2,78916,4,11,26.9
477,Livramento,15,Newcastle,9,Everton,0,3,0.4,49,2.7,2,441191,4,11,16.4
478,Trippier,15,Newcastle,9,Everton,0,3,0.6,50,2.2,2,77794,4,11,34.6
479,Krafth,15,Newcastle,9,Everton,0,3,0.0,43,0.0,2,111773,4,11,0.3
480,Lascelles,15,Newcastle,9,Everton,0,3,0.0,43,0.1,2,101148,4,11,1.7
481,A.Murphy,15,Newcastle,9,Everton,0,3,0.0,39,0.6,2,545477,4,11,0.0
482,Ashby,15,Newcastle,9,Everton,0,3,0.0,39,0.1,2,441024,4,11,0.0
483,Pivas,15,Newcastle,9,Everton,0,3,0.0,38,0.3,2,578512,4,11,0.0
484,Targett,15,Newcastle,9,Everton,0,3,0.0,40,0.2,2,169359,4,11,0.0
485,Gordon,15,Newcastle,9,Everton,0,3,1.0,73,1.4,3,232826,4,11,26.4
486,Elanga,15,Newcastle,9,Everton,0,3,1.0,66,3.2,3,449434,4,11,23.3
487,Barnes,15,Newcastle,9,Everton,0,3,5.4,63,1.2,3,201666,4,11,46.3
488,Bruno G.,15,Newcastle,9,Everton,0,3,6.0,66,4.1,3,208706,4,11,60.9
489,J.Murphy,15,Newcastle,9,Everton,0,3,4.2,61,1.1,3,114243,4,11,53.9
490,Joelinton,15,Newcastle,9,Everton,0,3,2.2,59,0.3,3,180974,4,11,27.5
491,Tonali,15,Newcastle,9,Everton,0,3,2.6,54,1.2,3,432422,4,11,49.8
492,Antoñito C.,15,Newcastle,9,Everton,0,3,0.0,49,0.0,3,640108,4,11,0.0
494,Willock,15,Newcastle,9,Everton,0,3,0.4,50,0.1,3,200089,4,11,2.6
495,Hayden,15,Newcastle,9,Everton,0,3,0.0,45,0.0,3,153127,4,11,0.0
496,Kuol,15,Newcastle,9,Everton,0,3,0.0,44,0.0,3,564510,4,11,0.0
497,L.Miley,15,Newcastle,9,Everton,0,3,1.4,44,1.9,3,547719,4,11,10.9
498,White,15,Newcastle,9,Everton,0,3,0.0,45,0.0,3,461484,4,11,0.0
500,Osula,15,Newcastle,9,Everton,0,3,1.2,55,0.2,4,538207,4,11,12.1
501,Neave,15,Newcastle,9,Everton,0,3,0.0,44,0.2,4,599303,4,11,0.0
674,Ramsdale,15,Newcastle,9,Everton,0,3,0.0,48,0.6,1,225321,4,11,0.9
684,Thiaw,15,Newcastle,9,Everton,0,3,2.2,49,0.5,2,465642,4,11,25.0
689,Seung soo,15,Newcastle,9,Everton,0,3,0.0,44,0.2,3,623110,4,11,0.0
714,Woltemade,15,Newcastle,9,Everton,0,3,3.6,74,19.0,4,470313,4,11,43.8
753,Ruddy,15,Newcastle,9,Everton,0,3,0.0,40,0.0,1,19236,4,11,0.0
565,Vicario,18,Spurs,10,Fulham,1,3,2.6,50,9.1,1,184254,6,54,31.5
566,Austin,18,Spurs,10,Fulham,1,3,0.0,39,0.3,1,214572,6,54,0.0
567,Kinsky,18,Spurs,10,Fulham,1,3,0.0,39,1.9,1,485055,6,54,0.0
568,Pedro Porro,18,Spurs,10,Fulham,1,3,3.2,54,16.5,2,441164,6,54,41.4
569,Romero,18,Spurs,10,Fulham,1,3,0.6,50,3.7,2,221632,6,54,31.1
570,Danso,18,Spurs,10,Fulham,1,3,1.8,43,0.1,2,135720,6,54,8.1
571,Davies,18,Spurs,10,Fulham,1,3,0.0,43,0.1,2,115556,6,54,0.0
572,Dragusin,18,Spurs,10,Fulham,1,3,0.0,45,0.0,2,493125,6,54,0.0
573,Spence,18,Spurs,10,Fulham,1,3,2.0,45,1.4,2,232859,6,54,18.8
574,Udogie,18,Spurs,10,Fulham,1,3,1.0,44,0.4,2,487053,6,54,21.1
575,Van de Ven,18,Spurs,10,Fulham,1,3,5.2,48,33.6,2,491279,6,54,41.6
576,Phillips,18,Spurs,10,Fulham,1,3,0.0,40,0.0,2,548308,6,54,0.0
577,Takai,18,Spurs,10,Fulham,1,3,0.0,40,0.1,2,553299,6,54,0.0
578,Vuskovic,18,Spurs,10,Fulham,1,3,0.0,39,0.4,2,610799,6,54,0.0
579,Son,18,Spurs,10,Fulham,1,3,0.0,85,0.1,3,85971,6,54,0.0
580,Johnson,18,Spurs,10,Fulham,1,3,1.4,66,2.8,3,242898,6,54,25.5
581,Maddison,18,Spurs,10,Fulham,1,3,0.0,68,0.1,3,172780,6,54,0.0
582,Kudus,18,Spurs,10,Fulham,1,3,1.6,65,16.9,3,460842,6,54,67.2
583,Kulusevski,18,Spurs,10,Fulham,1,3,0.0,64,0.0,3,445044,6,54,0.0
584,Tel,18,Spurs,10,Fulham,1,3,1.6,63,0.1,3,511499,6,54,14.5
585,Bentancur,18,Spurs,10,Fulham,1,3,4.4,53,0.3,3,202993,6,54,28.5
586,Bergvall,18,Spurs,10,Fulham,1,3,0.6,54,0.2,3,570526,6,54,22.8
587,Bissouma,18,Spurs,10,Fulham,1,3,0.0,52,0.0,3,227127,6,54,0.0
588,Odobert,18,Spurs,10,Fulham,1,3,2.4,53,0.0,3,550839,6,54,26.3
589,Solomon,18,Spurs,10,Fulham,1,3,0.0,54,0.0,3,235674,6,54,0.0
590,Bryan,18,Spurs,10,Fulham,1,3,0.0,49,0.0,3,436234,6,54,0.0
591,Gray,18,Spurs,10,Fulham,1,3,0.0,48,0.1,3,547701,6,54,2.2
592,Moore,18,Spurs,10,Fulham,1,3,0.0,50,0.0,3,499721,6,54,0.0
593,P.M.Sarr,18,Spurs,10,Fulham,1,3,2.8,48,1.5,3,482442,6,54,28.7
594,Min-hyeok,18,Spurs,10,Fulham,1,3,0.0,45,0.0,3,623095,6,54,0.0
595,Olusesi,18,Spurs,10,Fulham,1,3,0.0,44,0.2,3,499726,6,54,0.0
596,Solanke,18,Spurs,10,Fulham,1,3,0.0,72,0.9,4,154566,6,54,3.1
597,Richarlison,18,Spurs,10,Fulham,1,3,3.6,64,7.7,4,212319,6,54,57.5
598,Lankshear,18,Spurs,10,Fulham,1,3,0.0,45,0.0,4,552427,6,54,0.0
599,Scarlett,18,Spurs,10,Fulham,1,3,0.0,43,0.7,4,490145,6,54,0.0
673,J.Palhinha,18,Spurs,10,Fulham,1,3,5.8,55,1.9,3,154296,6,54,43.3
717,Xavi,18,Spurs,10,Fulham,1,3,2.2,66,1.2,3,493362,6,54,24.0
726,Kolo Muani,18,Spurs,10,Fulham,1,3,1.4,69,0.3,4,247693,6,54,3.8
745,Byfield,18,Spurs,10,Fulham,1,3,0.0,40,0.0,2,640419,6,54,0.0
750,Rowswell,18,Spurs,10,Fulham,1,3,0.0,40,0.0,2,499716,6,54,0.0
751,Akhamrich,18,Spurs,10,Fulham,1,3,0.0,45,0.0,3,590035,6,54,0.0
314,Leno,10,Fulham,18,Spurs,0,3,3.8,50,1.5,1,80201,54,6,28.5
315,Benda,10,Fulham,18,Spurs,0,3,0.0,40,0.0,1,428971,54,6,0.0
316,Robinson,10,Fulham,18,Spurs,0,3,0.0,49,0.4,2,169528,54,6,4.1
317,Andersen,10,Fulham,18,Spurs,0,3,4.0,45,2.8,2,174874,54,6,35.2
318,Bassey,10,Fulham,18,Spurs,0,3,3.8,45,0.6,2,232892,54,6,27.5
319,Castagne,10,Fulham,18,Spurs,0,3,0.8,43,0.1,2,166477,54,6,15.9
320,Diop,10,Fulham,18,Spurs,0,3,0.4,43,0.1,2,219924,54,6,4.0
321,J.Cuenca,10,Fulham,18,Spurs,0,3,0.8,43,0.0,2,246301,54,6,5.1
322,Tete,10,Fulham,18,Spurs,0,3,3.4,45,0.2,2,167074,54,6,29.3
323,Amissah,10,Fulham,18,Spurs,0,3,0.0,39,0.1,2,591385,54,6,0.0
324,Iwobi,10,Fulham,18,Spurs,0,3,2.6,64,1.3,3,153133,54,6,61.1
325,Smith Rowe,10,Fulham,18,Spurs,0,3,1.0,56,0.4,3,209289,54,6,20.6
326,Adama,10,Fulham,18,Spurs,0,3,1.0,52,0.2,3,159533,54,6,12.9
327,Andreas,10,Fulham,18,Spurs,0,3,0.0,53,0.1,3,156689,54,6,0.0
328,Sessegnon,10,Fulham,18,Spurs,0,3,5.4,54,0.8,3,184349,54,6,42.6
329,Wilson,10,Fulham,18,Spurs,0,3,3.0,52,0.4,3,153682,54,6,43.1
330,Berge,10,Fulham,18,Spurs,0,3,2.8,49,0.1,3,207189,54,6,33.3
331,Cairney,10,Fulham,18,Spurs,0,3,0.8,49,0.0,3,76357,54,6,7.3
332,Lukić,10,Fulham,18,Spurs,0,3,1.8,50,0.1,3,212314,54,6,41.5
333,Godo,10,Fulham,18,Spurs,0,3,0.0,45,0.0,3,573062,54,6,0.0
334,Harris,10,Fulham,18,Spurs,0,3,0.0,45,0.0,3,515024,54,6,0.0
335,King,10,Fulham,18,Spurs,0,3,2.0,45,3.7,3,577725,54,6,29.9
336,Reed,10,Fulham,18,Spurs,0,3,0.2,43,0.3,3,153366,54,6,0.0
337,Raúl,10,Fulham,18,Spurs,0,3,3.8,62,0.9,4,102057,54,6,39.7
338,Muniz,10,Fulham,18,Spurs,0,3,0.4,54,0.9,4,244042,54,6,22.2
664,Lecomte,10,Fulham,18,Spurs,0,3,0.0,39,0.8,1,86873,54,6,0.0
727,Chukwueze,10,Fulham,18,Spurs,0,3,1.2,53,0.0,3,218328,54,6,18.7
731,Kevin,10,Fulham,18,Spurs,0,3,2.0,59,0.1,3,560552,54,6,24.7
737,Kusi-Asare,10,Fulham,18,Spurs,0,3,0.2,45,0.1,4,631786,54,6,0.0
253,Henderson,8,Crystal Palace,14,Man Utd,1,3,4.8,50,8.0,1,172649,31,1,22.9
254,Benitez,8,Crystal Palace,14,Man Utd,1,3,0.0,40,0.3,1,121709,31,1,0.0
255,Matthews,8,Crystal Palace,14,Man Utd,1,3,0.0,39,0.1,1,169593,31,1,0.0
256,Muñoz,8,Crystal Palace,14,Man Utd,1,3,7.6,59,21.3,2,247348,31,1,59.1
257,Lacroix,8,Crystal Palace,14,Man Utd,1,3,6.0,50,4.8,2,437499,31,1,37.5
258,Mitchell,8,Crystal Palace,14,Man Utd,1,3,5.2,50,2.6,2,244723,31,1,50.1
259,Sosa,8,Crystal Palace,14,Man Utd,1,3,0.2,48,0.1,2,218364,31,1,0.0
260,Guéhi,8,Crystal Palace,14,Man Utd,1,3,4.6,51,34.6,2,209036,31,1,45.5
261,Richards,8,Crystal Palace,14,Man Utd,1,3,5.0,46,3.7,2,427623,31,1,37.1
262,Chadi Riad,8,Crystal Palace,14,Man Utd,1,3,0.0,40,0.0,2,515621,31,1,0.0
263,Clyne,8,Crystal Palace,14,Man Utd,1,3,0.0,38,0.5,2,57328,31,1,0.4
264,Holding,8,Crystal Palace,14,Man Utd,1,3,0.0,40,0.0,2,156074,31,1,0.0
265,Kporha,8,Crystal Palace,14,Man Utd,1,3,0.0,40,0.0,2,590012,31,1,0.0
267,Sarr,8,Crystal Palace,14,Man Utd,1,3,2.6,67,12.8,3,232185,31,1,50.1
268,Doucouré,8,Crystal Palace,14,Man Utd,1,3,0.0,49,0.0,3,438464,31,1,0.0
269,Esse,8,Crystal Palace,14,Man Utd,1,3,0.0,47,0.1,3,606921,31,1,0.7
270,Hughes,8,Crystal Palace,14,Man Utd,1,3,0.8,48,0.1,3,108413,31,1,18.3
271,Kamada,8,Crystal Palace,14,Man Utd,1,3,3.0,50,0.2,3,209400,31,1,28.1
272,Lerma,8,Crystal Palace,14,Man Utd,1,3,2.8,49,0.1,3,152551,31,1,18.0
273,Wharton,8,Crystal Palace,14,Man Utd,1,3,2.6,50,0.4,3,496221,31,1,39.0
274,Agbinone,8,Crystal Palace,14,Man Utd,1,3,0.0,44,0.0,3,579075,31,1,0.0
275,Ahamada,8,Crystal Palace,14,Man Utd,1,3,0.0,44,0.0,3,466117,31,1,0.0
276,Devenny,8,Crystal Palace,14,Man Utd,1,3,0.4,43,1.2,3,489706,31,1,12.2
277,Ebiowei,8,Crystal Palace,14,Man Utd,1,3,0.0,45,0.0,3,450535,31,1,0.0
278,J.Rak-Sakyi,8,Crystal Palace,14,Man Utd,1,3,0.0,44,0.0,3,450542,31,1,0.0
279,M.França,8,Crystal Palace,14,Man Utd,1,3,0.0,45,0.0,3,536694,31,1,0.0
280,Ozoh,8,Crystal Palace,14,Man Utd,1,3,0.0,45,0.0,3,531989,31,1,0.0
281,Rodney,8,Crystal Palace,14,Man Utd,1,3,0.0,45,0.0,3,530318,31,1,0.0
282,Umeh,8,Crystal Palace,14,Man Utd,1,3,0.0,45,0.0,3,574398,31,1,0.0
283,Mateta,8,Crystal Palace,14,Man Utd,1,3,6.2,81,29.6,4,231747,31,1,75.6
284,Nketiah,8,Crystal Palace,14,Man Utd,1,3,0.6,54,0.3,4,205533,31,1,17.4
285,Édouard,8,Crystal Palace,14,Man Utd,1,3,0.0,50,0.2,4,199670,31,1,0.2
286,Marsh,8,Crystal Palace,14,Man Utd,1,3,0.0,45,0.3,4,576980,31,1,0.0
690,Cardines,8,Crystal Palace,14,Man Utd,1,3,0.0,44,0.4,3,590014,31,1,0.0
712,Yeremy,8,Crystal Palace,14,Man Utd,1,3,2.8,58,0.2,3,488024,31,1,41.1
723,Canvot,8,Crystal Palace,14,Man Utd,1,3,2.4,45,0.0,2,651426,31,1,4.4
732,Uche,8,Crystal Palace,14,Man Utd,1,3,0.2,55,0.0,4,660392,31,1,2.3
119,Mbeumo,14,Man Utd,8,Crystal Palace,0,3,6.8,86,35.7,3,446008,1,31,101.8
431,Bayindir,14,Man Utd,8,Crystal Palace,0,3,0.0,48,0.3,1,451302,1,31,12.8
432,Onana,14,Man Utd,8,Crystal Palace,0,3,0.0,49,0.2,1,202641,1,31,0.0
433,Harrison,14,Man Utd,8,Crystal Palace,0,3,0.0,40,0.0,1,588555,1,31,0.0
434,Heaton,14,Man Utd,8,Crystal Palace,0,3,0.0,39,0.3,1,21205,1,31,0.0
435,Mee,14,Man Utd,8,Crystal Palace,0,3,0.0,39,0.1,1,461537,1,31,0.0
436,De Ligt,14,Man Utd,8,Crystal Palace,0,3,3.0,50,3.5,2,209365,1,31,43.5
437,Martinez,14,Man Utd,8,Crystal Palace,0,3,0.0,48,0.1,2,221820,1,31,0.0
438,Mazraoui,14,Man Utd,8,Crystal Palace,0,3,0.4,49,0.2,2,230001,1,31,7.5
439,D.Leon,14,Man Utd,8,Crystal Palace,0,3,0.0,42,0.1,2,661712,1,31,0.0
440,Dalot,14,Man Utd,8,Crystal Palace,0,3,1.4,44,0.9,2,216051,1,31,28.5
441,Dorgu,14,Man Utd,8,Crystal Palace,0,3,1.4,42,2.7,2,596777,1,31,34.4
442,Maguire,14,Man Utd,8,Crystal Palace,0,3,3.4,44,0.7,2,95658,1,31,14.3
443,Shaw,14,Man Utd,8,Crystal Palace,0,3,3.0,45,0.5,2,106760,1,31,28.1
444,Yoro,14,Man Utd,8,Crystal Palace,0,3,1.0,44,1.6,2,550864,1,31,20.3
445,Amass,14,Man Utd,8,Crystal Palace,0,3,0.0,40,0.1,2,577974,1,31,0.0
446,Fredricson,14,Man Utd,8,Crystal Palace,0,3,0.0,38,0.1,2,547676,1,31,0.0
447,Heaven,14,Man Utd,8,Crystal Palace,0,3,0.6,38,1.4,2,606745,1,31,3.9
448,Malacia,14,Man Utd,8,Crystal Palace,0,3,0.0,38,0.5,2,222690,1,31,0.0
449,B.Fernandes,14,Man Utd,8,Crystal Palace,0,3,4.8,89,16.3,3,141746,1,31,100.0
450,Cunha,14,Man Utd,8,Crystal Palace,0,3,3.4,79,4.3,3,430871,1,31,45.7
451,Rashford,14,Man Utd,8,Crystal Palace,0,3,0.0,70,0.0,3,176297,1,31,0.0
452,Amad,14,Man Utd,8,Crystal Palace,0,3,5.0,63,1.9,3,493250,1,31,66.0
454,Antony,14,Man Utd,8,Crystal Palace,0,3,0.0,59,0.1,3,467169,1,31,0.0
455,Mount,14,Man Utd,8,Crystal Palace,0,3,1.0,59,0.3,3,184341,1,31,25.4
457,Casemiro,14,Man Utd,8,Crystal Palace,0,3,6.4,55,1.4,3,61256,1,31,42.5
458,Mainoo,14,Man Utd,8,Crystal Palace,0,3,0.6,47,0.4,3,516895,1,31,12.4
459,Ugarte,14,Man Utd,8,Crystal Palace,0,3,0.6,47,0.1,3,232112,1,31,8.2
460,Collyer,14,Man Utd,8,Crystal Palace,0,3,0.0,45,0.0,3,490881,1,31,0.0
461,Fitzgerald,14,Man Utd,8,Crystal Palace,0,3,0.0,44,0.0,3,556639,1,31,0.0
462,J.Fletcher,14,Man Utd,8,Crystal Palace,0,3,0.0,43,0.1,3,547037,1,31,0.0
463,Kone,14,Man Utd,8,Crystal Palace,0,3,0.0,44,0.1,3,618873,1,31,0.0
464,Moorhouse,14,Man Utd,8,Crystal Palace,0,3,0.0,45,0.0,3,559684,1,31,0.0
465,Højlund,14,Man Utd,8,Crystal Palace,0,3,0.0,63,0.3,4,497894,1,31,0.0
466,Zirkzee,14,Man Utd,8,Crystal Palace,0,3,0.6,58,0.4,4,458249,1,31,17.4
467,Obi,14,Man Utd,8,Crystal Palace,0,3,0.0,43,1.4,4,596047,1,31,0.0
468,Wheatley,14,Man Utd,8,Crystal Palace,0,3,0.0,45,0.1,4,575034,1,31,0.0
681,Šeško,14,Man Utd,8,Crystal Palace,0,3,1.6,72,3.5,4,485711,1,31,43.5
733,Lammens,14,Man Utd,8,Crystal Palace,0,3,1.8,50,1.5,1,465247,1,31,11.8
755,Lacey,14,Man Utd,8,Crystal Palace,0,3,0.0,45,0.0,3,576628,1,31,0.0
32,Martinez,2,Aston Villa,20,Wolves,1,3,5.6,50,4.1,1,98980,7,39,21.0
33,M.Bizot,2,Aston Villa,20,Wolves,1,3,0.0,43,0.5,1,72147,7,39,2.6
34,Gauci,2,Aston Villa,20,Wolves,1,3,0.0,40,0.1,1,462492,7,39,0.0
35,Marschall,2,Aston Villa,20,Wolves,1,3,0.0,40,0.0,1,462381,7,39,0.0
36,Cash,2,Aston Villa,20,Wolves,1,3,5.0,46,7.1,2,199796,7,39,47.9
37,Digne,2,Aston Villa,20,Wolves,1,3,4.4,45,2.1,2,101188,7,39,40.7
38,Konsa,2,Aston Villa,20,Wolves,1,3,3.8,44,7.9,2,199798,7,39,26.5
39,Maatsen,2,Aston Villa,20,Wolves,1,3,0.8,42,0.4,2,441302,7,39,16.7
40,Mings,2,Aston Villa,20,Wolves,1,3,0.2,44,0.7,2,149484,7,39,19.0
41,Pau,2,Aston Villa,20,Wolves,1,3,4.2,43,0.5,2,244954,7,39,18.9
42,A.García,2,Aston Villa,20,Wolves,1,3,0.0,39,0.2,2,606798,7,39,0.0
43,Alex Moreno,2,Aston Villa,20,Wolves,1,3,0.0,40,2.2,2,106468,7,39,0.0
44,Bogarde,2,Aston Villa,20,Wolves,1,3,0.4,40,0.6,2,515597,7,39,6.9
45,Sousa,2,Aston Villa,20,Wolves,1,3,0.0,39,0.3,2,514315,7,39,0.0
46,Yasin,2,Aston Villa,20,Wolves,1,3,0.0,40,0.1,2,587178,7,39,0.0
47,Rogers,2,Aston Villa,20,Wolves,1,3,5.6,69,9.3,3,244850,7,39,59.6
48,Tielemans,2,Aston Villa,20,Wolves,1,3,1.2,59,0.6,3,166989,7,39,21.6
49,Bailey,2,Aston Villa,20,Wolves,1,3,0.0,55,0.1,3,215711,7,39,0.0
50,Buendía,2,Aston Villa,20,Wolves,1,3,4.6,53,0.7,3,195546,7,39,41.2
51,Iling Jr,2,Aston Villa,20,Wolves,1,3,0.0,55,0.0,3,469247,7,39,0.0
53,Malen,2,Aston Villa,20,Wolves,1,3,2.8,51,0.9,3,204646,7,39,33.8
54,McGinn,2,Aston Villa,20,Wolves,1,3,2.0,54,0.6,3,122806,7,39,43.6
55,Barkley,2,Aston Villa,20,Wolves,1,3,2.6,48,0.1,3,88894,7,39,14.0
56,Barrenechea,2,Aston Villa,20,Wolves,1,3,0.0,50,0.0,3,491287,7,39,0.0
57,Dobbin,2,Aston Villa,20,Wolves,1,3,0.0,50,0.0,3,461421,7,39,0.0
58,Kamara,2,Aston Villa,20,Wolves,1,3,2.4,49,0.2,3,226944,7,39,33.9
59,Onana,2,Aston Villa,20,Wolves,1,3,3.4,48,0.7,3,449871,7,39,20.5
60,Broggio,2,Aston Villa,20,Wolves,1,3,0.0,45,0.3,3,577731,7,39,0.0
61,Dendoncker,2,Aston Villa,20,Wolves,1,3,0.0,45,0.1,3,151589,7,39,0.0
62,Jimoh-Aloba,2,Aston Villa,20,Wolves,1,3,0.0,45,0.1,3,559962,7,39,0.0
63,Young,2,Aston Villa,20,Wolves,1,3,0.0,44,0.6,3,537403,7,39,0.0
64,Watkins,2,Aston Villa,20,Wolves,1,3,1.8,85,6.8,4,178301,7,39,42.4
65,Redmond,2,Aston Villa,20,Wolves,1,3,0.0,45,0.3,4,576756,7,39,0.0
389,Elliott,2,Aston Villa,20,Wolves,1,3,0.0,54,0.2,3,444884,7,39,4.4
456,Sancho,2,Aston Villa,20,Wolves,1,3,0.8,58,0.2,3,209243,7,39,11.7
677,Guessand,2,Aston Villa,20,Wolves,1,3,1.0,62,0.0,3,485337,7,39,14.7
688,Wright,2,Aston Villa,20,Wolves,1,3,0.0,40,0.5,1,481283,7,39,0.0
701,Rowe,2,Aston Villa,20,Wolves,1,3,0.0,40,0.1,2,569577,7,39,0.0
702,Burrowes,2,Aston Villa,20,Wolves,1,3,0.0,44,0.1,3,645618,7,39,0.0
703,Proctor,2,Aston Villa,20,Wolves,1,3,0.0,40,0.2,1,564505,7,39,0.0
710,Patterson,2,Aston Villa,20,Wolves,1,3,0.0,39,0.2,2,534836,7,39,0.0
719,Lindelöf,2,Aston Villa,20,Wolves,1,3,0.0,45,0.0,2,184667,7,39,0.4
754,George Hemmings,2,Aston Villa,20,Wolves,1,3,0.0,45,0.0,3,577285,7,39,0.0
627,Johnstone,20,Wolves,2,Aston Villa,0,3,1.6,45,0.1,1,101982,39,7,21.4
628,José Sá,20,Wolves,2,Aston Villa,0,3,0.0,43,1.1,1,149065,39,7,5.5
629,Bentley,20,Wolves,2,Aston Villa,0,3,0.0,40,0.6,1,79602,39,7,0.0
631,Agbadou,20,Wolves,2,Aston Villa,0,3,0.0,43,0.2,2,516939,39,7,27.5
632,Doherty,20,Wolves,2,Aston Villa,0,3,0.4,44,0.1,2,87835,39,7,7.6
633,H.Bueno,20,Wolves,2,Aston Villa,0,3,1.0,44,0.1,2,490721,39,7,51.6
634,Mosquera,20,Wolves,2,Aston Villa,0,3,-0.6,43,0.1,2,501837,39,7,4.2
635,R.Gomes,20,Wolves,2,Aston Villa,0,3,0.6,44,0.1,2,483081,39,7,20.5
636,S.Bueno,20,Wolves,2,Aston Villa,0,3,1.6,44,0.1,2,231480,39,7,30.7
637,Toti,20,Wolves,2,Aston Villa,0,3,0.8,43,0.1,2,510362,39,7,19.9
638,Hoever,20,Wolves,2,Aston Villa,0,3,0.6,39,0.9,2,441271,39,7,13.1
639,Meupiyou,20,Wolves,2,Aston Villa,0,3,0.0,40,0.0,2,560248,39,7,0.0
640,Pedro Lima,20,Wolves,2,Aston Villa,0,3,0.0,40,0.4,2,641221,39,7,0.0
641,Pond,20,Wolves,2,Aston Villa,0,3,0.0,39,1.4,2,517179,39,7,0.0
642,Hee Chan,20,Wolves,2,Aston Villa,0,3,0.8,57,0.1,3,184754,39,7,14.2
643,André,20,Wolves,2,Aston Villa,0,3,2.4,53,0.1,3,509291,39,7,16.6
644,Bellegarde,20,Wolves,2,Aston Villa,0,3,1.2,52,0.0,3,231057,39,7,20.7
645,Fer López,20,Wolves,2,Aston Villa,0,3,0.2,52,0.0,3,643135,39,7,11.0
646,Gomes,20,Wolves,2,Aston Villa,0,3,1.8,53,0.1,3,448089,39,7,30.3
647,Guedes,20,Wolves,2,Aston Villa,0,3,0.0,55,0.0,3,181284,39,7,0.0
648,Munetsi,20,Wolves,2,Aston Villa,0,3,3.6,54,0.1,3,433312,39,7,40.1
649,B.Traore,20,Wolves,2,Aston Villa,0,3,0.0,50,0.0,3,476502,39,7,0.0
650,Chirewa,20,Wolves,2,Aston Villa,0,3,0.0,43,0.3,3,497606,39,7,0.0
651,Edozie,20,Wolves,2,Aston Villa,0,3,0.0,43,0.4,3,596054,39,7,0.0
652,Gonzalez,20,Wolves,2,Aston Villa,0,3,0.0,44,1.3,3,593001,39,7,0.0
653,Hodge,20,Wolves,2,Aston Villa,0,3,0.0,45,0.0,3,240299,39,7,0.0
654,Strand Larsen,20,Wolves,2,Aston Villa,0,3,2.8,63,1.1,4,247412,39,7,31.9
655,Fábio Silva,20,Wolves,2,Aston Villa,0,3,0.0,49,0.2,4,449988,39,7,0.0
656,Kalajdžić,20,Wolves,2,Aston Villa,0,3,0.0,49,0.1,4,429414,39,7,0.7
657,Chiwome,20,Wolves,2,Aston Villa,0,3,0.0,44,0.0,4,589507,39,7,0.0
658,Fraser,20,Wolves,2,Aston Villa,0,3,0.0,43,1.8,4,531363,39,7,0.0
663,J.Arias,20,Wolves,2,Aston Villa,0,3,1.2,51,0.2,3,230376,39,7,32.8
682,Møller Wolfe,20,Wolves,2,Aston Villa,0,3,0.4,43,0.1,2,497949,39,7,10.6
695,Tchatchoua,20,Wolves,2,Aston Villa,0,3,1.2,45,0.0,2,523705,39,7,24.5
709,Krejčí,20,Wolves,2,Aston Villa,0,3,1.2,45,0.1,2,431248,39,7,41.8
720,Tolu,20,Wolves,2,Aston Villa,0,3,0.8,55,0.0,4,488213,39,7,12.7
749,Mané,20,Wolves,2,Aston Villa,0,3,0.5,45,0.0,4,647671,39,7,1.0
12,Zinchenko,16,Nott'm Forest,6,Brighton,1,3,0.2,49,0.2,2,206325,17,36,13.0
426,McAtee,16,Nott'm Forest,6,Brighton,1,3,0.0,51,0.1,3,432714,17,36,6.1
502,Sels,16,Nott'm Forest,6,Brighton,1,3,3.0,47,7.6,1,85633,17,36,30.5
503,C.Miguel,16,Nott'm Forest,6,Brighton,1,3,0.0,40,0.1,1,475123,17,36,0.0
504,Turner,16,Nott'm Forest,6,Brighton,1,3,0.0,40,0.1,1,224068,17,36,0.0
505,Milenković,16,Nott'm Forest,6,Brighton,1,3,3.0,52,3.8,2,227444,17,36,29.3
506,Murillo,16,Nott'm Forest,6,Brighton,1,3,4.6,53,2.3,2,575476,17,36,27.8
507,Aina,16,Nott'm Forest,6,Brighton,1,3,0.0,47,2.3,2,159506,17,36,9.8
508,N.Williams,16,Nott'm Forest,6,Brighton,1,3,3.6,47,3.3,2,215136,17,36,55.1
509,David Carmo,16,Nott'm Forest,6,Brighton,1,3,0.0,45,0.0,2,451432,17,36,0.0
510,Jair Cunha,16,Nott'm Forest,6,Brighton,1,3,0.0,43,0.1,2,575458,17,36,2.6
511,Morato,16,Nott'm Forest,6,Brighton,1,3,0.2,43,0.1,2,485047,17,36,10.2
512,O.Richards,16,Nott'm Forest,6,Brighton,1,3,0.0,45,0.0,2,204822,17,36,0.0
513,Abbott,16,Nott'm Forest,6,Brighton,1,3,0.0,39,0.2,2,549067,17,36,0.0
514,Boly,16,Nott'm Forest,6,Brighton,1,3,0.0,39,0.4,2,90585,17,36,0.0
515,Gibbs-White,16,Nott'm Forest,6,Brighton,1,3,6.0,73,4.0,3,222531,17,36,64.8
516,Hudson-Odoi,16,Nott'm Forest,6,Brighton,1,3,1.0,57,0.6,3,209046,17,36,43.8
517,Anderson,16,Nott'm Forest,6,Brighton,1,3,5.6,53,3.3,3,215379,17,36,70.2
518,Jota,16,Nott'm Forest,6,Brighton,1,3,0.0,54,0.0,3,510500,17,36,1.0
519,Dominguez,16,Nott'm Forest,6,Brighton,1,3,1.0,50,0.0,3,250199,17,36,6.8
520,O'Brien,16,Nott'm Forest,6,Brighton,1,3,0.0,50,0.0,3,243345,17,36,0.0
521,Sangaré,16,Nott'm Forest,6,Brighton,1,3,2.0,49,0.1,3,210462,17,36,22.1
522,Yates,16,Nott'm Forest,6,Brighton,1,3,1.6,47,0.1,3,204968,17,36,9.9
523,Da Silva Moreira,16,Nott'm Forest,6,Brighton,1,3,0.0,45,0.1,3,569014,17,36,0.0
524,Stamenic,16,Nott'm Forest,6,Brighton,1,3,0.0,45,0.0,3,495161,17,36,0.0
525,Wood,16,Nott'm Forest,6,Brighton,1,3,0.2,72,5.5,4,60689,17,36,29.8
526,Igor Jesus,16,Nott'm Forest,6,Brighton,1,3,2.0,58,0.8,4,482973,17,36,19.8
527,Awoniyi,16,Nott'm Forest,6,Brighton,1,3,0.8,52,0.3,4,210156,17,36,7.7
669,Ndoye,16,Nott'm Forest,6,Brighton,1,3,2.2,56,1.1,3,456512,17,36,36.2
675,Gunn,16,Nott'm Forest,6,Brighton,1,3,0.0,40,1.4,1,107265,17,36,0.0
693,Hutchinson,16,Nott'm Forest,6,Brighton,1,3,2.6,54,0.0,3,503301,17,36,22.0
696,Kalimuendo,16,Nott'm Forest,6,Brighton,1,3,0.2,60,0.1,4,465680,17,36,4.1
699,Douglas Luiz,16,Nott'm Forest,6,Brighton,1,3,0.4,50,0.0,3,230046,17,36,8.0
715,John,16,Nott'm Forest,6,Brighton,1,3,0.0,40,0.3,1,221389,17,36,0.0
716,Savona,16,Nott'm Forest,6,Brighton,1,3,4.6,45,0.1,2,500151,17,36,25.9
729,Cuiabano,16,Nott'm Forest,6,Brighton,1,3,0.0,45,0.0,2,560441,17,36,0.0
734,Bakwa,16,Nott'm Forest,6,Brighton,1,3,0.0,59,0.0,3,476887,17,36,15.3
138,Steele,6,Brighton,16,Nott'm Forest,0,3,0.0,43,0.3,1,49262,36,17,0.0
139,Verbruggen,6,Brighton,16,Nott'm Forest,0,3,4.4,44,4.1,1,489639,36,17,27.5
140,McGill,6,Brighton,16,Nott'm Forest,0,3,0.0,40,0.3,1,209288,36,17,0.0
141,Rushworth,6,Brighton,16,Nott'm Forest,0,3,0.0,40,0.0,1,472739,36,17,0.0
142,Scherpen,6,Brighton,16,Nott'm Forest,0,3,0.0,40,0.0,1,240514,36,17,0.0
143,Boscagli,6,Brighton,16,Nott'm Forest,0,3,0.0,42,0.1,2,204120,36,17,1.4
144,Coppola,6,Brighton,16,Nott'm Forest,0,3,0.2,43,0.1,2,550090,36,17,0.8
145,De Cuyper,6,Brighton,16,Nott'm Forest,0,3,0.6,43,1.7,2,465730,36,17,26.0
146,Dunk,6,Brighton,16,Nott'm Forest,0,3,3.0,45,1.1,2,83299,36,17,25.5
147,Estupiñan,6,Brighton,16,Nott'm Forest,0,3,0.0,45,0.0,2,204214,36,17,0.0
148,F.Kadıoğlu,6,Brighton,16,Nott'm Forest,0,3,3.0,44,0.2,2,231416,36,17,26.1
150,Lamptey,6,Brighton,16,Nott'm Forest,0,3,0.0,44,0.1,2,232792,36,17,0.0
151,Van Hecke,6,Brighton,16,Nott'm Forest,0,3,4.0,44,1.5,2,469142,36,17,49.2
152,Veltman,6,Brighton,16,Nott'm Forest,0,3,0.2,43,0.1,2,111478,36,17,10.0
153,Webster,6,Brighton,16,Nott'm Forest,0,3,0.0,44,0.0,2,110735,36,17,0.0
154,Cashin,6,Brighton,16,Nott'm Forest,0,3,0.0,40,0.0,2,439135,36,17,0.0
155,Slater,6,Brighton,16,Nott'm Forest,0,3,0.0,40,0.1,2,589100,36,17,0.0
156,Tasker,6,Brighton,16,Nott'm Forest,0,3,0.0,39,0.1,2,547720,36,17,0.0
157,Mitoma,6,Brighton,16,Nott'm Forest,0,3,0.0,61,1.9,3,451340,36,17,26.9
158,Georginio,6,Brighton,16,Nott'm Forest,0,3,3.2,57,0.4,3,463067,36,17,36.2
159,March,6,Brighton,16,Nott'm Forest,0,3,0.0,58,0.0,3,109345,36,17,0.0
160,Minteh,6,Brighton,16,Nott'm Forest,0,3,6.0,62,7.2,3,592031,36,17,81.0
161,Enciso,6,Brighton,16,Nott'm Forest,0,3,0.0,54,0.0,3,474120,36,17,0.0
162,Gruda,6,Brighton,16,Nott'm Forest,0,3,0.0,54,0.0,3,513433,36,17,22.7
163,Hinshelwood,6,Brighton,16,Nott'm Forest,0,3,1.4,51,0.0,3,532529,36,17,6.9
164,O'Riley,6,Brighton,16,Nott'm Forest,0,3,0.0,55,0.4,3,219249,36,17,19.0
165,Sima,6,Brighton,16,Nott'm Forest,0,3,0.0,54,0.0,3,516211,36,17,0.0
166,Ayari,6,Brighton,16,Nott'm Forest,0,3,2.6,49,0.3,3,509416,36,17,40.8
167,Baleba,6,Brighton,16,Nott'm Forest,0,3,1.8,47,1.9,3,535301,36,17,9.9
169,Gomez,6,Brighton,16,Nott'm Forest,0,3,4.4,49,0.3,3,514254,36,17,46.9
170,Milner,6,Brighton,16,Nott'm Forest,0,3,1.0,49,0.1,3,15157,36,17,16.8
171,Sarmiento,6,Brighton,16,Nott'm Forest,0,3,0.0,49,0.0,3,441192,36,17,0.0
172,Watson,6,Brighton,16,Nott'm Forest,0,3,0.4,48,0.0,3,549074,36,17,1.4
173,Wieffer,6,Brighton,16,Nott'm Forest,0,3,5.6,49,0.4,3,467779,36,17,37.1
174,Yalcouye,6,Brighton,16,Nott'm Forest,0,3,0.0,50,0.0,3,611695,36,17,0.0
175,Knight,6,Brighton,16,Nott'm Forest,0,3,0.2,45,0.1,3,567121,36,17,0.0
176,Mazilu,6,Brighton,16,Nott'm Forest,0,3,0.0,45,0.0,3,550141,36,17,0.0
177,Moran,6,Brighton,16,Nott'm Forest,0,3,0.0,45,0.0,3,513834,36,17,0.0
178,Welbeck,6,Brighton,16,Nott'm Forest,0,3,7.0,66,10.5,4,50175,36,17,59.8
179,Ferguson,6,Brighton,16,Nott'm Forest,0,3,0.0,55,0.0,4,487117,36,17,0.0
180,Tzimas,6,Brighton,16,Nott'm Forest,0,3,0.8,53,0.1,4,608181,36,17,11.5
181,Kostoulas,6,Brighton,16,Nott'm Forest,0,3,1.6,48,0.3,4,647850,36,17,8.2
744,Oriola,6,Brighton,16,Nott'm Forest,0,3,0.2,45,0.0,3,556637,36,17,0.0
149,Igor,19,West Ham,12,Liverpool,1,4,1.0,45,0.1,2,223434,21,14,3.6
600,Areola,19,West Ham,12,Liverpool,1,4,3.6,43,2.1,1,84182,21,14,28.9
601,Foderingham,19,West Ham,12,Liverpool,1,4,0.0,40,0.3,1,82143,21,14,0.0
602,Hegyi,19,West Ham,12,Liverpool,1,4,0.0,39,0.2,1,483364,21,14,0.0
603,Diouf,19,West Ham,12,Liverpool,1,4,1.6,43,2.7,2,613804,21,14,40.3
604,Emerson,19,West Ham,12,Liverpool,1,4,0.0,44,0.1,2,109533,21,14,0.0
605,Kilman,19,West Ham,12,Liverpool,1,4,2.0,43,0.2,2,214048,21,14,35.6
606,Mavropanos,19,West Ham,12,Liverpool,1,4,0.2,44,0.0,2,233963,21,14,18.6
607,N.Aguerd,19,West Ham,12,Liverpool,1,4,0.0,44,0.0,2,210494,21,14,5.1
608,Scarles,19,West Ham,12,Liverpool,1,4,0.2,44,0.0,2,536109,21,14,0.9
609,Todibo,19,West Ham,12,Liverpool,1,4,2.2,43,0.1,2,462116,21,14,17.5
610,Wan-Bissaka,19,West Ham,12,Liverpool,1,4,2.8,42,5.5,2,214590,21,14,21.9
611,Casey,19,West Ham,12,Liverpool,1,4,0.0,40,0.1,2,518438,21,14,0.0
612,L.Paquetá,19,West Ham,12,Liverpool,1,4,3.2,59,1.9,3,224024,21,14,64.8
613,Souček,19,West Ham,12,Liverpool,1,4,4.6,57,0.3,3,215439,21,14,34.5
614,Ward-Prowse,19,West Ham,12,Liverpool,1,4,0.0,56,0.2,3,101178,21,14,23.9
615,Summerville,19,West Ham,12,Liverpool,1,4,1.8,55,0.1,3,450070,21,14,26.3
616,Álvarez,19,West Ham,12,Liverpool,1,4,0.0,49,0.1,3,213999,21,14,0.0
617,Cornet,19,West Ham,12,Liverpool,1,4,0.0,49,0.0,3,149519,21,14,0.0
618,G.Rodriguez,19,West Ham,12,Liverpool,1,4,0.2,48,0.0,3,197024,21,14,0.8
619,L.Guilherme,19,West Ham,12,Liverpool,1,4,0.2,49,0.0,3,577114,21,14,2.1
620,Earthy,19,West Ham,12,Liverpool,1,4,0.0,45,0.0,3,490885,21,14,0.0
621,Irving,19,West Ham,12,Liverpool,1,4,0.8,44,0.3,3,229384,21,14,7.0
622,Orford,19,West Ham,12,Liverpool,1,4,0.0,44,0.1,3,518442,21,14,0.0
623,Potts,19,West Ham,12,Liverpool,1,4,1.8,44,0.7,3,490142,21,14,14.9
624,Bowen,19,West Ham,12,Liverpool,1,4,3.0,76,6.4,4,178186,21,14,72.1
625,Füllkrug,19,West Ham,12,Liverpool,1,4,0.2,56,0.7,4,91889,21,14,22.1
626,Marshall,19,West Ham,12,Liverpool,1,4,0.2,44,0.6,4,565431,21,14,0.8
659,Walker-Peters,19,West Ham,12,Liverpool,1,4,2.0,43,0.3,2,158534,21,14,23.0
671,Wilson,19,West Ham,12,Liverpool,1,4,4.6,58,0.7,4,75115,21,14,37.5
679,Hermansen,19,West Ham,12,Liverpool,1,4,0.0,43,0.2,1,467189,21,14,8.5
708,M.Fernandes,19,West Ham,12,Liverpool,1,4,3.8,55,0.1,3,551226,21,14,37.7
718,S.Magassa,19,West Ham,12,Liverpool,1,4,0.4,50,0.0,3,564940,21,14,4.3
738,Fabianski,19,West Ham,12,Liverpool,1,4,0.0,45,0.0,1,37096,21,14,0.0
747,Mayers,19,West Ham,12,Liverpool,1,4,0.0,40,0.0,2,602903,21,14,0.0
752,Golambeckis,19,West Ham,12,Liverpool,1,4,0.0,40,0.0,2,643473,21,14,0.0
366,A.Becker,12,Liverpool,19,West Ham,0,3,0.4,54,5.4,1,116535,14,21,13.1
367,Mamardashvili,12,Liverpool,19,West Ham,0,3,3.4,43,1.0,1,449027,14,21,13.9
368,Pécsi,12,Liverpool,19,West Ham,0,3,0.0,39,0.4,1,586268,14,21,0.0
369,Woodman,12,Liverpool,19,West Ham,0,3,0.0,39,0.2,1,155503,14,21,0.0
370,Frimpong,12,Liverpool,19,West Ham,0,3,0.2,57,4.8,2,216094,14,21,6.6
371,Kerkez,12,Liverpool,19,West Ham,0,3,1.8,57,3.2,2,544877,14,21,34.9
372,Robertson,12,Liverpool,19,West Ham,0,3,2.0,58,1.0,2,122798,14,21,24.7
373,Virgil,12,Liverpool,19,West Ham,0,3,3.0,60,26.2,2,97032,14,21,48.8
374,Konaté,12,Liverpool,19,West Ham,0,3,3.0,54,3.0,2,204716,14,21,34.6
375,Bradley,12,Liverpool,19,West Ham,0,3,2.4,50,0.2,2,492777,14,21,17.0
376,Gomez,12,Liverpool,19,West Ham,0,3,0.4,49,0.1,2,171287,14,21,2.0
377,Tsimikas,12,Liverpool,19,West Ham,0,3,0.0,48,0.1,2,214285,14,21,0.0
378,Nallo,12,Liverpool,19,West Ham,0,3,0.0,38,0.4,2,611926,14,21,0.0
379,R.Williams,12,Liverpool,19,West Ham,0,3,0.0,38,0.3,2,219937,14,21,0.0
380,Ramsay,12,Liverpool,19,West Ham,0,3,0.0,38,0.3,2,489580,14,21,0.0
381,M.Salah,12,Liverpool,19,West Ham,0,3,4.4,142,23.4,3,118748,14,21,94.2
382,Wirtz,12,Liverpool,19,West Ham,0,3,1.2,80,6.5,3,494595,14,21,44.3
383,Luis Díaz,12,Liverpool,19,West Ham,0,3,0.0,80,0.0,3,244731,14,21,0.0
384,Gakpo,12,Liverpool,19,West Ham,0,3,3.0,75,13.0,3,243298,14,21,81.2
385,Chiesa,12,Liverpool,19,West Ham,0,3,1.2,64,0.3,3,223541,14,21,19.9
386,Mac Allister,12,Liverpool,19,West Ham,0,3,2.4,63,1.2,3,243016,14,21,36.0
387,Szoboszlai,12,Liverpool,19,West Ham,0,3,3.8,66,5.8,3,424876,14,21,79.9
388,C.Jones,12,Liverpool,19,West Ham,0,3,1.0,54,0.1,3,206915,14,21,18.9
390,Gravenberch,12,Liverpool,19,West Ham,0,3,3.2,56,4.9,3,441266,14,21,43.8
392,Endo,12,Liverpool,19,West Ham,0,3,0.0,49,0.1,3,158983,14,21,3.9
393,Bajcetic,12,Liverpool,19,West Ham,0,3,0.0,43,0.0,3,535928,14,21,0.0
394,McConnell,12,Liverpool,19,West Ham,0,3,0.0,44,0.0,3,491501,14,21,0.0
395,Morton,12,Liverpool,19,West Ham,0,3,0.0,45,0.0,3,440148,14,21,0.0
396,Nyoni,12,Liverpool,19,West Ham,0,3,0.0,43,0.5,3,591386,14,21,0.0
397,Darwin,12,Liverpool,19,West Ham,0,3,0.0,65,0.1,4,447203,14,21,0.0
398,Danns,12,Liverpool,19,West Ham,0,3,0.0,43,0.1,4,500058,14,21,0.0
499,Isak,12,Liverpool,19,West Ham,0,3,0.8,104,4.6,4,219168,14,21,10.4
661,Ekitiké,12,Liverpool,19,West Ham,0,3,1.4,85,14.4,4,510663,14,21,39.1
686,Ngumoha,12,Liverpool,19,West Ham,0,3,0.4,44,0.5,3,611922,14,21,10.4
692,Leoni,12,Liverpool,19,West Ham,0,3,0.0,49,0.0,2,647681,14,21,0.0
746,Morrison,12,Liverpool,19,West Ham,0,3,0.0,45,0.0,3,596042,14,21,0.0
168,Buonanotte,7,Chelsea,1,Arsenal,1,5,0.0,47,0.1,3,536916,8,3,3.9
220,Sánchez,7,Chelsea,1,Arsenal,1,5,4.8,48,13.3,1,215059,8,3,19.3
221,Jörgensen,7,Chelsea,1,Arsenal,1,5,0.0,43,0.2,1,508479,8,3,0.9
222,Penders,7,Chelsea,1,Arsenal,1,5,0.0,40,0.0,1,549939,8,3,0.0
223,Slonina,7,Chelsea,1,Arsenal,1,5,0.0,39,0.1,1,471798,8,3,0.0
224,Cucurella,7,Chelsea,1,Arsenal,1,5,5.6,61,22.8,2,179268,8,3,52.5
225,James,7,Chelsea,1,Arsenal,1,5,5.6,56,7.9,2,225796,8,3,48.1
226,Chalobah,7,Chelsea,1,Arsenal,1,5,5.2,51,8.3,2,180736,8,3,42.0
227,Colwill,7,Chelsea,1,Arsenal,1,5,0.0,48,0.1,2,460028,8,3,0.0
228,Gusto,7,Chelsea,1,Arsenal,1,5,5.0,49,1.5,2,482609,8,3,30.6
229,B.Badiashile,7,Chelsea,1,Arsenal,1,5,0.0,44,0.0,2,242880,8,3,2.1
230,Fofana,7,Chelsea,1,Arsenal,1,5,2.4,44,0.2,2,444463,8,3,7.3
231,M.Sarr,7,Chelsea,1,Arsenal,1,5,0.0,45,0.0,2,574458,8,3,0.0
232,Tosin,7,Chelsea,1,Arsenal,1,5,2.6,42,0.4,2,109646,8,3,16.3
233,Acheampong,7,Chelsea,1,Arsenal,1,5,3.2,39,1.9,2,577016,8,3,15.8
234,Anselmino,7,Chelsea,1,Arsenal,1,5,0.0,40,0.1,2,622758,8,3,0.0
235,Palmer,7,Chelsea,1,Arsenal,1,5,0.0,103,8.8,3,244851,8,3,12.9
236,Neto,7,Chelsea,1,Arsenal,1,5,8.0,71,7.0,3,247632,8,3,78.7
237,Enzo,7,Chelsea,1,Arsenal,1,5,3.6,67,13.1,3,448047,8,3,87.7
238,Estêvão,7,Chelsea,1,Arsenal,1,5,1.8,65,2.9,3,624773,8,3,38.1
239,Gittens,7,Chelsea,1,Arsenal,1,5,2.0,61,0.1,3,463936,8,3,22.8
240,Nkunku,7,Chelsea,1,Arsenal,1,5,0.0,59,0.1,3,213198,8,3,0.0
241,Caicedo,7,Chelsea,1,Arsenal,1,5,3.0,61,22.1,3,486672,8,3,49.7
243,George,7,Chelsea,1,Arsenal,1,5,0.2,49,0.1,3,550615,8,3,7.1
244,Lavia,7,Chelsea,1,Arsenal,1,5,0.4,49,0.0,3,514356,8,3,1.8
245,Mudryk,7,Chelsea,1,Arsenal,1,5,0.0,49,0.0,3,465920,8,3,0.0
246,Andrey Santos,7,Chelsea,1,Arsenal,1,5,1.4,45,0.3,3,532605,8,3,15.1
247,D.Essugo,7,Chelsea,1,Arsenal,1,5,0.0,43,0.1,3,491007,8,3,0.0
248,Paez,7,Chelsea,1,Arsenal,1,5,0.0,45,0.0,3,611134,8,3,0.0
249,João Pedro,7,Chelsea,1,Arsenal,1,5,4.2,75,44.9,4,475168,8,3,79.9
250,Delap,7,Chelsea,1,Arsenal,1,5,0.8,62,1.0,4,463034,8,3,8.3
251,N.Jackson,7,Chelsea,1,Arsenal,1,5,0.0,65,0.1,4,517052,8,3,0.0
252,Marc Guiu,7,Chelsea,1,Arsenal,1,5,1.6,42,7.2,4,499309,8,3,8.1
453,Garnacho,7,Chelsea,1,Arsenal,1,5,4.2,64,1.0,3,493105,8,3,33.3
672,Hato,7,Chelsea,1,Arsenal,1,5,0.0,47,0.2,2,551210,8,3,3.2
743,Emenalo,7,Chelsea,1,Arsenal,1,5,0.0,45,0.0,3,611912,8,3,0.0
1,Raya,1,Arsenal,7,Chelsea,0,3,4.2,59,31.6,1,154561,3,8,17.7
2,Arrizabalaga,1,Arsenal,7,Chelsea,0,3,0.0,42,0.4,1,109745,3,8,0.0
3,Hein,1,Arsenal,7,Chelsea,0,3,0.0,40,0.3,1,463748,3,8,0.0
4,Setford,1,Arsenal,7,Chelsea,0,3,0.0,40,0.2,1,551221,3,8,0.0
5,Gabriel,1,Arsenal,7,Chelsea,0,3,6.8,64,24.1,2,226597,3,8,46.9
6,Saliba,1,Arsenal,7,Chelsea,0,3,3.2,60,12.8,2,462424,3,8,23.7
7,Calafiori,1,Arsenal,7,Chelsea,0,3,4.2,58,14.5,2,466075,3,8,43.7
8,J.Timber,1,Arsenal,7,Chelsea,0,3,4.8,63,30.7,2,445122,3,8,68.5
9,Kiwior,1,Arsenal,7,Chelsea,0,3,0.0,54,0.1,2,440854,3,8,0.0
10,Lewis-Skelly,1,Arsenal,7,Chelsea,0,3,0.6,51,1.6,2,499169,3,8,2.0
11,White,1,Arsenal,7,Chelsea,0,3,0.0,53,0.4,2,198869,3,8,2.8
13,Clarke,1,Arsenal,7,Chelsea,0,3,0.0,38,0.5,2,563324,3,8,0.0
14,Kacurri,1,Arsenal,7,Chelsea,0,3,0.0,39,0.1,2,588793,3,8,0.0
15,Nichols,1,Arsenal,7,Chelsea,0,3,0.0,39,0.2,2,499167,3,8,0.0
16,Saka,1,Arsenal,7,Chelsea,0,3,5.8,101,17.4,3,223340,3,8,74.6
17,Ødegaard,1,Arsenal,7,Chelsea,0,3,0.0,78,1.3,3,184029,3,8,13.0
18,Madueke,1,Arsenal,7,Chelsea,0,3,0.2,68,0.6,3,248857,3,8,25.1
19,Martinelli,1,Arsenal,7,Chelsea,0,3,0.4,68,0.8,3,444145,3,8,17.5
20,Trossard,1,Arsenal,7,Chelsea,0,3,8.0,69,1.1,3,116216,3,8,59.1
21,Rice,1,Arsenal,7,Chelsea,0,3,6.2,69,22.4,3,204480,3,8,78.6
22,Merino,1,Arsenal,7,Chelsea,0,3,2.6,59,1.0,3,195384,3,8,29.8
23,Fábio Vieira,1,Arsenal,7,Chelsea,0,3,0.0,54,0.0,3,438098,3,8,0.0
24,Nørgaard,1,Arsenal,7,Chelsea,0,3,0.4,52,0.1,3,128295,3,8,1.4
25,Nwaneri,1,Arsenal,7,Chelsea,0,3,0.4,51,0.1,3,499175,3,8,5.4
26,Zubimendi,1,Arsenal,7,Chelsea,0,3,3.6,54,2.7,3,481655,3,8,48.5
28,Kabia,1,Arsenal,7,Chelsea,0,3,0.0,45,0.1,3,588796,3,8,0.0
29,Sambi,1,Arsenal,7,Chelsea,0,3,0.0,45,0.1,3,437742,3,8,0.0
30,Havertz,1,Arsenal,7,Chelsea,0,3,0.0,73,0.3,4,219847,3,8,0.6
31,G.Jesus,1,Arsenal,7,Chelsea,0,3,0.0,64,0.0,4,205651,3,8,0.0
266,Eze,1,Arsenal,7,Chelsea,0,3,7.8,77,16.9,3,232413,3,8,63.9
662,Mosquera,1,Arsenal,7,Chelsea,0,3,0.6,54,0.2,2,500040,3,8,9.0
666,Gyökeres,1,Arsenal,7,Chelsea,0,3,2.2,88,11.1,4,224117,3,8,57.7
700,Dowman,1,Arsenal,7,Chelsea,0,3,0.0,43,0.5,3,616077,3,8,2.8
711,Harriman-Annous,1,Arsenal,7,Chelsea,0,3,0.0,45,0.0,3,646243,3,8,0.0
725,Hincapie,1,Arsenal,7,Chelsea,0,3,0.8,54,0.1,2,448104,3,8,1.5
